,947
!:,1
#3,1
#4,1
%,1
(*Po0.001).,1
(*Po0.005).Representative,1
(*Po0.05,1
(*Po0.05).,1
(+stress;,1
(-LIF).,1
(0.1,1
(0.1%),1
(0.2µm,1
(0.32s,1
(0.3Hz).,1
(0.6,1
(0/8;,1
(0822613),1
(120,1
(15,1
(155366),1
(15nms-1)41,1
(17.5,1
(18%¡8%).,1
(180,1
(1994).,1
(1996).,1
(1997),1
(1997).,1
(1998).,1
(1:2,1
(2),1
(2001),1
(2002),1
(2005),1
(2010),1
(2012),1
(2014),1
(2014);,1
(22.0%¡1.1%)(Fig.,1
(24-well,1
(2D,1
(2D),1
(2nd,1
(3.5,1
(33%¡14%,1
(33.2%¡3.8%),1
(3D,1
(3D),1
(3nd,1
(3°,1
(40µgml-1),1
(425%),1
(45,1
(56,1
(6-Hydroxy-2,1
(7.6,1
(A,1
(A.,1
(A9­B9).,1
(A9­D9).,1
(ATCC,1
(AcLDL,1
(Advanced,1
(AnalystSoft).,1
(Arg-GlyAsp)-coated,1
(A­B),1
(B,1
(B).,1
(B0.4,1
(B2,1
(B5,1
(B50%,1
(B56,1
(BD,1
(Beyotime).,1
(Bio-rad,1
(Bioclone,1
(Bleb,1
(Brachyury)-positive,1
(Bsdr),1
(C,1
(C).,1
(C4742­95-12ERG;,1
(CA,1
(CB),1
(CFP,1
(Camb),1
(Cambridge,1
(ChIP,1
(ChIP),1
(Clotech),1
(Col-1),1
(Col1)-coated,1
(Cold,1
(Cx43,1
(C­D),1
(D,1
(D).,1
(DAPI,1
(DCT)28,1
(DIC)in,1
(Day,1
(Days,1
(DsRed),1
(E),1
(EBs),1
(ECM),1
(ES),1
(ESGRO;,1
(Enzo,1
(Equation,1
(E­H),1
(F),1
(FACS;,1
(FBL)-coilin,1
(Fgf5,1
(Fib).,1
(Fig,1
(GAPDH),1
(GFP),1
(GRGDS;,1
(Gata4,1
(Glass),1
(Gpnmb)29,1
(Growth,1
(Hamamatsu,1
(Hand1,1
(HyClone),1
(HyD).,1
(I),1
(IDT),1
(IL2rg,1
(IRES),1
(Ipswich,1
(J),1
(K&J,1
(K),1
(LIF),1
(LIF)11--the,1
(LIF;,1
(Lat,1
(LatA,1
(Leica).,1
(Lys9),1
(MG204615).,1
(MI),1
(MLCK),1
(MSDs),1
(MTC),1
(Mathworks,1
(Max.,1
(Millipore).,1
(Mouse,1
(NCBI),1
(NDS).,1
(NGS),1
(NLS)),1
(NSERC),1
(OGR1)12,1
(OGTR1,1
(P=0.097),1
(P=0.352).,1
(P=0.58),1
(PI,1
(PKA),1
(PSCs),1
(Pa),1
(Po0.002,1
(Po0.003,1
(Po0.006,1
(Po0.007,1
(Po0.008).,1
(Po0.010,1
(Po0.015,1
(Po0.04,1
(Po0.041,1
(Po0.047,1
(Pou5f1),1
(Promega).,1
(Puror),1
(QIAGEN),1
(QIAGEN).,1
(RA),1
(RGD),1
(RGD)-conjugated,1
(ROCK),1
(RP23-444I17,1
(RT),1
(RhoA-V14),1
(RhoA-V14)27,1
(Roche,1
(S1,1
(SMN),1
(Sigma-Aldrich,1
(Sigma-Aldrich),1
(Sinauer,1
(Sox1,1
(T),1
(TAA).,1
(TG515613).,1
(TGT),1
(TICs),1
(TransGen),1
(Tree,1
(Tris,1
(Tyrp1)28,1
(W.,1
(W4,1
(YAP),1
(YPet),1
(Young's,1
(a).,1
(a1/a2b1,1
(another,1
(area)/(perimeter)2.,1
(bFGF),1
(bead,1
(besides,1
(binds,1
(bottom),1
(bottom).,1
(catalogue,1
(cell,1
(cell-free,1
(collagen-1,1
(collagen-1)35.,1
(compare,1
(d).,1
(day,1
(decrease,1
(denatured,1
(derived,1
(differentiation),1
(diluted,1
(ectoderm),1
(endoderm),1
(except,1
(fibrin)­integrin,1
(fibrinogen,1
(fused,1
(grant,1
(grown,1
(hESC),1
(i),1
(in,1
(increase,1
(inset,1
(inset:,1
(isolated,1
(j),1
(k),1
(kindly,1
(l),1
(labeled,1
(lower,1
(m),1
(mCherry-Lamin,1
(mESC),1
(mESCs),1
(me2,1
(me2),1
(me3),1
(mean±s.e.m.;,1
(mesoderm),1
(n,1
(n),1
(n=100),1
(n=11).,1
(n=134),1
(n=138),1
(n=140),1
(n=18),1
(n=20,1
(n=24),1
(n=28),1
(n=32),1
(n=41).,1
(n=44,1
(n=48),1
(n=53),1
(n=55),1
(n=56),1
(n=73).,1
(n=85),1
(n=9).,1
(n=99),1
(namely,1
(negative,1
(nm2),1
(non-spherical),1
(note,1
(out,1
(pERK1/2),1
(pN),1
(presumably,1
(primary,1
(rat),1
(referred,1
(refs,1
(right),1
(right).,1
(rootmean-square),1
(second,1
(sense:,1
(shRNA),1
(siRNA),1
(similar,1
(snRNP),1
(these,1
(ti,1
(total,1
(two,1
(up,1
(via,1
(w/v),1
(where,1
(within,1
(without,1
(~0.3),1
(~0.8),1
(~29°),1
(~2­3°,1
(~3.5min),1
(­LIF).,1
**Po0.001.,1
**Po0.01.,1
*Po0.01.,1
*Po0.05,1
*suggs@utexas.edu,1
+),1
+24.5,1
+S,1
+Stress,1
+stress,1
-AACATGATGGAGACGGAGCTGAAGCCGCC-30,1
-AAG,1
-AGACGCTCATGAAGAAGGAT,1
-AGCTACGCGCACATGAACGGCTGGAG,1
-AGUACUGCU,1
-ATGATATCGCCACCATGGTGAGCA-30,1
-CGGTTAACGCTA,1
-GAAAUAACAUCAC,1
-GAGAAUGUCUCGCCUUU,1
-GCACTACCAG,1
-GGCCGCGATATCGTTTAAAC,1
-GGGCAAGAGGAUUAUGACAtt-30,1
-GGUAUGAACACGCACUCUCtt-30,1
-GGUCCUU,1
-GGUGAC,1
-GGUGAU,1
-GGUGUACAAC,1
-GTATAACATGAT,1
-GUAGUAUACCGCAGCUUAAtt-30,1
-GUGAAUGGUUAGCAAUACAtt-30,1
-P,1
-TCGAATCTGTACAGCTCGTCC-30,1
-TTGCTAGCCTCC,1
-Y,1
-catenin,1
0),1
0.,1
0.06%,1
0.068,1
0.08,1
0.09).,1
0.09s,1
0.1),1
0.19).,1
0.2­1.0,1
0.3%,1
0.31),1
0.3125Hz)),1
0.32,1
0.35).,1
0.3Hz).,1
0.3Hz);,1
0.4%,1
0.48).,1
0.52,1
0.55,1
0.5mM,1
0.61),1
0.62).,1
0.64,1
0.83,1
0.83Hz),1
0.9%,1
021009­021009,1
05,1
072744,1
0Pa,1
0s,1
1):,1
1-3.,1
1-day,1
1.0.,1
1.28,1
1.55,1
1.8Pa.,1
1.92,1
1/2,1
10.1002/btpr.1794.,1
10.1002/jbm.a.30635.,1
10.1002/jcb.22001.,1
10.1002/jcb.23108.,1
10.1002/jcp.20441.,1
10.1006/bbrc.1993.1662.,1
10.1007/s00441-012-1531-4.,1
10.1007/s10439-011-0275-8.,1
10.1007/s11626-011-9453-0.,1
10.1016/,1
10.1016/j.bbrc.2011.10.080.,1
10.1016/j.bbrc.2011.10.140.,1
10.1016/j.biomaterials.2005.04.003.,1
10.1016/j.biomaterials.2007.10.050.,1
10.1016/j.biomaterials.2009.01.007.,1
10.1016/j.biomaterials.2013.05.079.,1
10.1016/j.cardiores.2004.05.008.,1
10.1016/j.devcel.2006.10.002.,1
10.1038/,1
10.1038/35023621.,1
10.1038/35040568.,1
10.1038/nprot.2012.150.,1
10.1039/c2ib20040f.,1
10.1073/pnas.0905550106.,1
10.1089/,1
10.1096/fj.05-4723fje.,1
10.1096/fj.10-168971.,1
10.1111/j.09066705.2004.00117.x.,1
10.1126/science.1231041.,1
10.1152/japplphysiol.00870.2007.,1
10.1161/CIR.0b013e31828124ad.,1
10.1161/CIRCRESAHA.109.214429.,1
10.1161/CIRCRESAHA.110.237206.,1
10.1242/jcs.02760.,1
10.1529/,1
10.4161/cam.5.1.13704.,1
10.Lammerding,1
100-W,1
100005,1
100Uml-1,1
100­1,1
100µgml-1,1
102,1
10294­10299,1
1032­1044,1
1047­1051,1
104:,1
104­115,1
105,1
1050-Pa,1
1050-Pa':,1
1065­1074,1
1079­1088,1
1079­1091,1
108,1
1089­1096.,1
109:,1
10a),1
10b).,1
10s,1
10­15,1
10­20µm,1
10­20µm.,1
10µM,1
10µm,1
11.Lammerding,1
1124,1
1124­1127.,1
112:,1
113,1
1139­1143,1
114,1
1153­1166,1
115­123,1
1182­.,1
118­122,1
119:,1
11:,1
11;,1
11×11,1
12%,1
12),1
12.3,1
12.Hale,1
120-W,1
1208­1217.,1
121,1
1232­1235,1
1238­1242,1
124,1
1263­1273.,1
126­137.,1
1279­1293,1
12975),1
129S6/SvEvTac),1
13.Pajerowski,1
131,1
1319­1332,1
133,1
135,1
1351­1362,1
136-791,1
139­149,1
13:,1
14),1
14-gil,1
14.0,1
14.Gall,1
1401­U57,1
142,1
1429­1436,1
1437­1444,1
144,1
1449,1
146,1
1469­1486,1
147,1
14Pa;,1
14a,1
14c,1
14mediated,1
15),1
15.4,1
15.9,1
15.Sleeman,1
150ms.,1
151,1
151927),1
152,1
1536­1541,1
155,1
156,1
15619­15624,1
1561­1574,1
1567­1570,1
157­158,1
1592­1602.,1
15:,1
15a,1
15c),1
15min,1
15­30,1
16).,1
16.Dundr,1
16106,1
1616­1629,1
161­169,1
162­175.,1
164,1
1673­1677,1
167­173,1
167­174.,1
16806­16811,1
16978­16983.,1
16;,1
16a,1
16c,1
17.5Pa).,1
17.5Pa;,1
17.Kaiser,1
170kDa,1
1713­1717,1
1717­1728,1
1728­1732,1
176254),1
1779­1791,1
179­183,1
17;,1
17a),1
17b),1
17c),1
17­625),1
17­648),1
18),1
18).,1
18.Walker,1
183­189,1
1840­1847.,1
187,1
1872­1881,1
1877­1883,1
1880­1889.,1
1883­1895,1
189­201.,1
18c,1
18h,1
19).,1
19);,1
19.Burghes,1
193,1
1931­1938,1
193:,1
194116,1
194:,1
195,1
19].,1
1:1000),1
1:1000).,1
1:2,1
1:200),1
1:250,1
1:3000),1
1:400),1
1:6,1
1B),1
1B9).,1
1C).,1
1a),1
1a).,1
1a;,1
1b),1
1b).,1
1c.,1
1d;,1
1e),1
1e).,1
1f).,1
1g).,1
1­2,1
1­2),1
1­5,1
1­7,1
1­7.,1
1µM,1
1µg,1
2-day,1
2.4,1
2.56,1
2.5­5.0,1
2.6±0.28%,1
2.8,1
20),1
20.Platani,1
2010).,1
2013,1
205­215,1
206:,1
20;,1
20a).,1
20b).,1
20min,1
20­30ms,1
21),1
21.Matera,1
215,1
218,1
21­33,1
22),1
22.2,1
22.Shevtsov,1
224­,1
2270­2282,1
22866),1
229­238,1
22].,1
23.Hu,1
230.,1
24.5Pa,1
24.5Pa),1
24.Hu,1
241­246,1
2434­2439,1
24].,1
25.Hebert,1
2507­2515.,1
25768­25780,1
257­260,1
25:,1
25].,1
26.7ms;,1
26.Discher,1
260:,1
262920),1
263­266,1
265­275,1
26:,1
26;,1
26].,1
27),1
27.Mahmoudi,1
2720­2729,1
273­300,1
275­284,1
275­292,1
279,1
27],1
28),1
28.Toyota,1
2803­2815,1
281,1
285,1
285­293,1
286­298,1
287,1
288,1
29.Isaac,1
290ms,1
293,1
2936­2942,1
29],1
2:,1
2A,1
2A).,1
2B),1
2C),1
2D).,1
2a),1
2a).,1
2d).,1
2e),1
2f,1
2mM,1
2­3,1
2­4;,1
3%,1
3(Suppl,1
3-integrin-deficient,1
3.2,1
3.20,1
3.5min,1
30).,1
30-,1
30.Novotný,1
30:,1
30­38,1
30­60,1
31.Pellizzoni,1
310,1
316­323,1
317,1
319­329,1
31­35].,1
32,1
32.Kiseleva,1
320­329,1
322,1
323,1
324,1
329,1
33,1
33.Na,1
3306),1
331­342.,1
335,1
337,1
338,1
339,1
34.Poh,1
340:,1
342­357,1
347­356,1
34:,1
34;,1
34­43,1
35%,1
35.Dahl,1
350ms,1
352:,1
357­365,1
35mm,1
36,1
36).,1
36.Brosig,1
360°,1
361­365,1
3689­3698,1
368­381,1
369­381.,1
37),1
37.Chancellor,1
370­378,1
376­381,1
377­391,1
37].,1
37°C.,1
38.Grashoff,1
385­389,1
39,1
39.Hearst,1
396­400.,1
397­410,1
39:,1
3A),1
3A9­,1
3B),1
3C);,1
3D).,1
3a,1
3a­c).,1
3b).,1
3c),1
3c).,1
3d).,1
3e).,1
3f),1
3h,1
3­13,1
3­4,1
4%¡7%).,1
4',1
4.0,1
40-fold,1
40.Hayakawa,1
403,1
408:,1
40­48,1
41.Platani,1
4123­4133.,1
41263­41266,1
412­424,1
413­425,1
4150,1
4159­4171,1
415:,1
416:,1
42.Hernandez,1
421­432,1
423­428,1
429­436,1
42­56,1
43%,1
43.Paszek,1
430,1
4300,1
430030,1
432­437,1
433­446,1
44.Levental,1
4407­4419,1
44;,1
45%,1
45.Samuel,1
450,1
4500,1
456,1
456­467,1
46,1
46.Sleeman,1
460,1
46202,1
466,1
47.Hebert,1
470­477,1
474,1
475,1
47:,1
47­59.,1
48%,1
48-well,1
48.Dundr,1
49),1
49.Wang,1
490%,1
496­503,1
4:,1
4A,1
4B,1
4C,1
4D,1
4I,1
4K).,1
4a),1
4a).,1
4a­d);,1
4b),1
4c),1
4d),1
4d).,1
4e),1
4f­k).,1
4p,1
4­5nm,1
4­6,1
5):,1
5-day,1
50.Fabry,1
502­508,1
503916).,1
508­518,1
508­518.,1
50µM,1
51.Mijailovich,1
5100,1
510­523,1
513­523,1
51­57.,1
52.Chowdhury,1
520,1
522­526,1
527­530,1
529,1
529­,1
53),1
53.Rasnik,1
534­545,1
538.,1
54,1
54).,1
54.Na,1
5462­5475,1
55),1
57.,1
571­578.,1
576­588,1
58%,1
58.,1
59,1
59).,1
59.,1
593­598,1
594,1
595­606,1
597­609,1
5982­5983,1
5B,1
5C,1
5a(insets),1
5b).,1
5c,1
5c),1
5d),1
5d).,1
5g),1
60%,1
60.,1
60064,1
602­606,1
607­617,1
61),1
61.,1
6194­6207.,1
62.,1
622­623,1
622­634,1
625­634.,1
627­645,1
63.,1
633­644,1
638­641,1
639­647,1
63:,1
63×1.32,1
64.,1
6402­6409,1
65.,1
653­664.,1
66.,1
66023),1
6626­6631,1
663­666,1
666­668.,1
67.,1
673,1
675­678,1
68.,1
680­693,1
68:,1
69.,1
69566),1
6;,1
6A).,1
6B),1
6C),1
6D,1
6D),1
6D).,1
6a,1
6b,1
6b),1
6c),1
6c).,1
6e;,1
6fold,1
6h,1
70.,1
700,1
70­77.,1
71.,1
717­728,1
7227­7235.,1
723­732.,1
730­735,1
73­82.,1
757­765,1
75­82,1
760­760,1
766­772.,1
77,1
773­784.,1
77:,1
77­94.,1
780­783,1
7830­7840,1
786­795,1
78­87.,1
794­802,1
7A,1
7B,1
7B).,1
7C).,1
7E),1
7F),1
7a),1
7b,1
7b).,1
7c).,1
7d,1
7d),1
8).,1
8-kPa,1
8.8,1
80­100,1
81­93,1
8263­8267,1
82­88.,1
83%,1
831­842,1
844­856.,1
849­854,1
849­854.,1
855­859,1
866,1
8729),1
87­90,1
88,1
891­893,1
8:,1
8;,1
8a,1
8c,1
8kP,1
8kPa.,1
8­15%,1
9(12):,1
9-nt,1
90133),1
90322),1
909­916,1
90­95%,1
90°.,1
91:,1
92,1
92093,1
92­96.,1
93,1
94,1
97,1
986­994,1
991­994.,1
9:,1
9;,1
9a,1
9th,1
=1,1
A),1
A-labelled,1
A/,1
A/C-/-,1
A2,1
A9),1
AAGTACACG-30,1
ACCESS,1
ACUUUAtt-30,1
AE,1
AGCTAACTCAGATAGTACT-30,1
AH,1
AJ,1
AML,1
AMP,1
ANOVA,1
AP5,1
AS,1
ATATCTCCCTCTCAGGTGCGCGCAG-30,1
ATP-dependent.,1
Abcam,1
Abstract,1
AcLDL-,1
AcLDL-Beads.,1
AcLDL-beads,1
AcLDLBead-containing,1
AcLDLbeads,1
Acad,1
Academy,1
Accepted:,1
Accumax,1
Accuri,1
Acetylated-Low,1
Acids,1
Activate,1
Activin,1
ActivinA-treated,1
ActivinA70,1
Actomyosin,1
Adam,1
Adameyko,1
Addgene,1
Addgene.,1
Adding,1
Adelstein,1
Adhes,1
Adhesion,1
Aggrewells,1
Agung,1
Ahsan,1
Ajuh,1
Al-Madhoun,1
Albumin,1
Alcaraz,1
Aldrich,1
Alexa-488,1
Alexa-conjugated,1
Alford,1
Alford2,1
Alice,1
Aligned,1
AlphaView,1
Alternatively,1
Americans,1
Amino,1
Among,1
Amos,1
Analysis,1
Analyzed,1
Anaspec,1
Anat.,1
Anim,1
Anisimov,1
Ann,1
Annu.,1
Another,1
Antibodies,1
Any,1
ApaI,1
Apel,1
Aplin,1
Apoptosis,1
Appl,1
Application,1
Applied,1
Arboleda-Estudillo,1
Are,1
Ashland,1
Assay,1
Associates,1
Association.,1
Ateghang,1
Att,1
Attribution,1
Aug,1
Availability:,1
Available:,1
Award,1
Azarin,1
B.H.,1
B0.01%,1
B0.8,1
B1.25-fold,1
B100%,1
B11,1
B1­5,1
B2.5%.,1
B20%,1
B200­1,1
B30%,1
B4,1
B4-fold,1
B400,1
B48,1
B5-fold,1
B50,1
B50%;,1
B80%;,1
BAC,1
BACPAC,1
BCA,1
BD,1
BG,1
BMC,1
BMP4-treated,1
Baccon,1
Bain,1
Ballestrem,1
BamHI,1
Band,1
Baseline,1
Basic,1
Bass,1
Basu-Roy,1
Bates,1
Battista,1
BcMag,1
Beattie,1
Beaurepaire,1
Beck,1
Beckman).,1
Bedzhov,1
Behrndt,1
Beijing,1
Benjamin,1
Berge,1
Berguig,1
Bernstein,1
Bershadsky,1
Besides,1
Beta,1
Beta-1,1
Bhang,1
Biochemistry,1
Bioeng.,1
Biolabs,1
Biological,1
Biomater.,1
Biomatrix,1
Biomech.,1
Biomolecular,1
Biophys,1
Biophysics,1
Biosciences),1
Biotechnol,1
Birchmeier,1
Birney,1
Bissell,1
Bjerke,1
Black,1
Blanke,1
Blanpain,1
Blasticidin-resistant,1
Blazíková,1
Ble,1
Blebbistatin,1
Blebistatin,1
Blots,1
Blotting,1
Bo,1
Bodies,1
Bodies.,1
Body,1
Boheler,1
Borselli,1
Borzacchiello,1
Bottom:,1
Boussinesq,1
Bowen,1
Bozkulak,1
Brachyury),1
Brachyury-,1
Brafman,1
Brain,1
Brightfield,1
Brinkmann,1
Bronner-Fraser,1
Brown,1
Buffer,1
Buffered,1
Bukoreshtliev,1
Buxboim,1
Byfield,1
C).,1
C-R,1
C-terminal,1
C.-W.,1
C0130),1
C1082­C1090,1
C1184­C1191,1
C4742-95-12ERG),1
C6,1
C643­C654,1
CA,1
CA.,1
CAA-30,1
CAtt-30,1
CB-interacting,1
CB25.,1
CB31),1
CBET0845239),1
CBs),1
CBs35,1
CCD,1
CCUUAUGCUGUU-30,1
CD,1
CD44,1
CFP-SMN/YFP-Coilin,1
CFP-SMN14,1
CFP-SmE,1
CFP-SmG,1
CFP-WRAP53,1
CFP-YFP,1
CFP-YPet,1
CFP-coilin47,1
CFP-fibrillarin,1
CFP-labelled,1
CFPSMN,1
CFPs,1
CFP­YFP,1
CGCCACCCTCTC-30,1
CHO,1
CJ,1
CK,1
CML.,1
CS,1
CY,1
Ca2,1
Caauwe,1
Cadherin,1
Cadherin-dependent,1
Caenorhabditis,1
Cajal-body,1
California­San,1
Cambridge,1
Campas,1
Can,1
Canada,1
Canty,1
Carag,1
Carbonate,1
Cardiol,1
Cardiomyogenic,1
Cardiovasc,1
Cardiovasc.,1
Career,1
Carlsbad,1
Carpenedo,1
Cathelicidin,1
Cdc42.,1
Cell-matrix,1
Cell.,1
Cellular,1
Chalmers,1
Champaign,1
Champaign),1
Chappell,1
Charroux,1
Chemical,1
Chemically,1
Chicago,1
Chien,1
Children's,1
Chinese,1
Chiquet,1
Chiquet-Ehrismann,1
Cho,1
Chowdhury1,1
Chowdhury3,1
Chromosoma,1
Citation:,1
ClaI-NsiI,1
Clara,1
Clearly,1
Clements,1
Cloned,1
Coilin-Coilin,1
Coilin-Nopp140,1
Coilin-SART3,1
Coilin-SmE,1
Col-1,1
Col-1-coated,1
Colch,1
Colchicine,1
Cold,1
Colin,1
Collagen-1,1
Collagen-I-coated,1
Collagen/beta(1),1
Collagenase-,1
Collection.,1
Collective,1
Comm.,1
Committee,1
Comparative,1
Computational,1
Conceivably,1
Conceived,1
Conclusions,1
Condens.,1
Consequently,1
Consistently,1
Constitutive,1
Conti,1
Continuous,1
Contractile,1
Contributed,1
Contributions,1
Conversely,1
Copyright:,1
Coralville,1
Corinne,1
Correct,1
Correction,1
Cosman,1
Coster,1
Coulomb,1
Council,1
Creation,1
Cross,1
Cruz),1
Ctr:,1
Cullen,1
Culturing,1
Cummins,1
Cytometer,1
Cytoseal,1
Cytoskeletal,1
D.W.,1
D4693)68.,1
D9).,1
DA,1
DCC=Differentiated,1
DECMA-1;,1
DFC290,1
DMI2000B,1
DNA-modifying,1
DW,1
DW.,1
Dahl,1
Daley,1
Database,1
Davey,1
Davis,1
Dawson,1
De,1
DeCoteau,1
Dean,1
Del,1
Deletion,1
Density,1
Dependence,1
Dermatol,1
Derrien,1
Despite,1
Desprat,1
Detection,1
Detector,1
Developmental,1
Dickkopf-1,1
Diego.,1
Dieter,1
Differ,1
Differ.,1
Different,1
Differentiated,1
Directed,1
Dissipative,1
Dissolving,1
Divya,1
Doctoral,1
Dog,1
Donovan,1
Dormancy,1
Doubling,1
Dreyfuss,1
Driessens,1
DsRed-Brachyury,1
DsRed::Brachyury,1
Dubertret,1
Dulbecco's,1
Dundr2,1
Dupont,1
Dynal,1
Dysfunctional,1
Dzamba,1
E),1
E-cadherin-expressing,1
E-cadherin.,1
E-cadherin­E-cadherin,1
E6.5­8.0,1
EBs14,1
EBs:,1
EC,1
ECMintegrin-cytoskeleton-myosin-II-dependent,1
EDTA,1
EGTA,1
EJ,1
EM,1
ERK1/2,1
ES-Cult,1
ES-qualified,1
ESC),1
ESC-derived,1
ESCderived,1
ESCs),1
Eagle's,1
Eagles,1
EcoRV-pT-F,1
Edelman,1
Editor:,1
Edn,1
Efficient,1
Element,1
Emission,1
Endo-,1
Endothelial,1
Eng,1
Eng.,1
England,1
Environmental,1
Eoi,1
Ep-CAM.,1
EphrinB/EphB,1
ErbB2,1
Esteller,1
Even-Ram,1
Exp,1
Exp.,1
Experiment.,1
Experiments,1
Exposure,1
Extracted,1
F),1
F-actins,1
F.W.,1
FBL-Coilin,1
FBS,1
FITC;,1
FP,1
FS,1
Fagotto,1
Farge,1
Faseb,1
Fast,1
Fei,1
Ferralli,1
Fetal,1
Fibrillarin,1
Fibrillarin-coilin,1
Fibrin).,1
Fibroblast,1
Fibronectin-mediated,1
FigureA),1
FigureB).,1
Finally,1
First,1
First-strand,1
Fisher's,1
Flk1-positive,1
FlowJo,1
Fluid,1
FluorChem,1
Fluorescent,1
Fo,1
Fojo,1
Force-induced,1
Forced,1
Formation,1
Formulated,1
Four-week-old,1
Fourier,1
Fox,1
Franklin,1
Fredberg,1
Fredburg,1
Fremont,1
Frontiers,1
Frozen,1
FuGene,1
Fuchs,1
Funding:,1
Fuxiang,1
F~,1
G),1
G1147­G1154,1
G9a/,1
G9a/SUV39h1-mediated,1
GAPDH.,1
GAR1.,1
GCTTAATTAACTTAAGTTTAAACGATATCGC-30,1
GGAGACGGAGCTGAAGC-30,1
GPa,1
GRGDS.,1
GTPase,1
GUAUUCAUAtt-30,1
GY,1
Gadue,1
Galphas,1
Gangemi,1
Garcia,1
Garcia-Castro,1
Gastrointest.,1
Gata6-,1
Gata6.,1
Gata6­labelled,1
Gauge,1
Geiger,1
Gelman,1
Genetic,1
Genetically,1
Genetics,1
Genomic,1
George,1
Georges,1
Georges-Labouesse,1
Gerhard,1
Germ,1
Geuss1,1
Geyer,1
Gilbert,1
Gimzewski,1
Glanzmann,1
Gli2,1
Glutamax,1
Gly-Arg-Gly-Asp-Ser,1
Glycoprotein,1
Go,1
GoTaq,1
Gold,1
Gottlieb,1
Grand,1
Grashoff,1
Griffith,1
Gross,1
Gsk3b,1
Guarnieri,1
Guck,1
Guilluy,1
Gumbiner,1
Gwak,1
H).,1
H-C,1
H-T,1
H.J.,1
H.Y.,1
H3K27,1
H3K4,1
H3K9),1
H3K9-me2,1
H3K9-me3,1
H3K9me,1
H3K9me;,1
HD,1
HD2,1
HFSP,1
HP1,1
HRP,1
Ha3,1
Haase,1
Haibo,1
Hamamatsu),1
Hammersmith,1
Hanging,1
Harb.,1
Harbor,1
Hattori,1
Hazeltine,1
Health,1
Heart-specific,1
Hebert,1
Heidel,1
Helmig,1
Hence,1
Heo,1
Hercules,1
Herman,1
Herrmann,1
Highlighted,1
Hines,1
Hinz,1
Hippo/YAP-mediated,1
Hirashima,1
Hirchenhain,1
Histochem.,1
Histogram,1
Histology,1
Hoashi,1
Hoc,1
Hochedlinger,1
Hodivala-Dilke,1
Hoffman,1
Hohenstein,1
Homogeneous,1
Hong,1
Hospital,1
Hu,1
Huang6,1
Huettner,1
Hughes,1
Hughs,1
Hutchinson­Gilford,1
Hwang,1
Hwarangno,1
Hybrid,1
Hynes,1
Hz),1
I-K,1
IA,1
IGB,1
II-A),1
II-B),1
II-dissolving,1
IN,1
IRES,1
IVpA,1
IVpA).,1
IgG,1
IgG-HRP,1
IgG-HRP(,1
Ignatius,1
Image,1
Images,1
Imhof,1
Immobilization,1
Immunol.,1
Immunology,1
Immunostaining,1
Incorporation,1
Increased,1
Increasing,1
Infarction,1
Inhibiting,1
Inset,1
Insets,1
Insight),1
Institute.,1
Institutes,1
Int,1
Integr,1
Integr.,1
Integrated,1
Integrin,1
Integrins,1
Interests:,1
Interfering,1
International,1
Intine,1
Intracellular,1
Intravital,1
Introduction,1
Invasion,1
Invitrogen),1
Ishitani,1
Island,1
Isolated,1
Itoh,1
J).,1
J-C,1
J.J.C.,1
JH,1
JS,1
Jakab,1
Jan,1
Janknecht,1
Janmey,1
Jao,1
Jihye,1
Jin,1
Jolla,1
Jul,1
Jun,1
June,1
Jung,1
KA,1
KDM4/JMJD2,1
KR,1
Kalab,1
Kalab.,1
Kalinowski,1
Kamm,1
Karl,1
Kasza,1
Kattman,1
Keck,1
Kelly,1
Kemler,1
Kit,1
Kitchens,1
Klenow,1
Koelle,1
Kojic,1
Kolahi,1
Korea,1
Korea.,1
Korte,1
Krieg,1
Kubic,1
Kumagaya,1
Kumar,1
Kummer,1
L-Glutamine,1
L.J.L.,1
L06F0,1
L06J0,1
L06K0,1
L19­L21,1
LB,1
LE,1
LG.,1
LIF),1
LL-37,1
LMNA,1
LMNA-knockout,1
LS,1
Laboratory).,1
Laboureau,1
Laemmli,1
Lakshmikuttyamma,1
Lamins,1
Lan,1
Lang,1
Larue,1
LatA,1
Lauffenburger,1
Le,1
Lebreton-De,1
Leckband,1
Left:,1
Lei,1
Lele,1
Leleux,1
Levental,1
Lgr5,1
Li-Jung,1
Li6,1
Lian,1
License,1
Lin4,1
Lindeman,1
Lineage,1
Lipoprotein,1
Liver,1
Living,1
Loading,1
Locally,1
Loebel,1
Logeman,1
Louis,1
Lrp5,1
Lrp6,1
Ludvik,1
Luu,1
M.-W.,1
M.D.).,1
M:,1
MA).,1
MATLAB,1
MCF-7,1
MF,1
ML7),1
MMP14-dependent,1
MO).,1
MR,1
MSD.,1
MTC-stimulation,1
MV,1
MWCO,1
MY,1
Magnetics).,1
Magnetism,1
Magnified,1
Mahmoud,1
Maintenance,1
Majkut,1
Making,1
Malinsky,1
Mammalian,1
Manassas,1
Mannix,1
Marching,1
Marcinkiewicz,1
Marklein,1
Marsden,1
Master,1
Masumura,1
Materials,1
Materials/Methods,1
Matter,1
Matthews,1
Mauro,1
Max.,1
Maximum,1
McFarlin,1
McKinney,1
Mean±,1
Mean±s.e.m;,1
Measuring,1
Mech.,1
Mechanism,1
Mechanistic,1
Mechanistically,1
Meier,1
Menard,1
Method,1
Meyer,1
Mice,1
Micro-mechanical,1
MicroImager,1
Microwell-mediated,1
Middle:,1
Migr,1
Milk,1
Millipore),1
Mini-Protean,1
Miroslav,1
Misteli,1
Mitf.,1
Mixl1),1
Moeller,1
Mooney,1
Moore,1
More,1
Morris,1
Movement,1
Mozaffarian,1
Multipotent,1
Murine,1
Muskheli,1
Myh10,1
Myh9,1
Myocardial,1
N-cadherin,1
N.A.,1
N52,1
N54.,1
N=5,1
NGS).,1
NJ,1
NKX2.5,1
NL,1
NLS,1
NLS.,1
NOD-SCID,1
NV,1
NY),1
Na,1
Na3,1
NaCl,1
NaCl),1
NaCl).,1
Nagai,1
Nagy,1
Nakayama,1
Nanogmediated,1
Nanomechanical,1
Natick,1
Natural,1
Nerem,1
Nesprin-1,1
Nestin,1
Network.,1
Neuro-Medicine,1
Neurosci.,1
Newly,1
Next,1
Nguyen,1
NheI-pT-R,1
NheI.,1
Nichols,1
Ninomiya,1
Nishikawa,1
Niwa,1
Nobuto,1
Nodal,1
Non-Essential,1
Nonblinking,1
Normal,1
North,1
NotI.,1
NsiI,1
Nucleation,1
Nucleosides,1
Nucleoskeleton,1
Number,1
O,1
OCT,1
OCT3/4,1
OGTR1),1
OR).,1
Oakland,1
Obi,1
Ochi,1
Oct,1
October,1
Of,1
Offenberg,1
Often,1
Ohsugi,1
Once,1
Opin.,1
Optical,1
Oral,1
Organs,1
Ortmann,1
Overall,1
Overby,1
Overexpressing,1
Overexpression,1
P-,1
P-Y,1
P40.06,1
P40.15).,1
PAGE,1
PAX-ways:,1
PBS.,1
PDGF,1
PGK,1
PGS,1
PI3K/Akt,1
PJ,1
PKA),1
PLL,1
PM,1
PNAS,1
PPM1G,1
PS-OC,1
PSCs,1
PVDF,1
Pa),1
PacI,1
Paddison,1
Park,1
Part,1
Past,1
Paszek,1
Patel-King,1
Patent,1
Pax6),1
Pekkanen-Mattila,1
Pelling,1
Penicillin/Streptomycin,1
Percent,1
Percentage,1
Perets,1
Performed,1
Perspect.,1
Phase-contrast,1
Phenotypic,1
Phung,1
Phusion,1
Phys.,1
Physical,1
Pigment,1
Pigmentation,1
Pimton,1
Pinson,1
Plastic,1
Plectin,1
Plodinec,1
Plopper,1
Plummer,1
Pluripotency,1
PmeI,1
Po0.00001),1
Po0.002,1
Po0.002).,1
Po0.003),1
Po0.005),1
Po0.006,1
Po0.007,1
Po0.01);,1
Po0.02),1
Po0.02).,1
Po0.023).,1
Po0.026,1
Po0.03,1
Po0.031,1
Po0.039).,1
Po0.04).,1
Po0.041).,1
Po0.044,1
Po0.05,1
Poellmann,1
Polymer,1
Post,1
Pouille,1
Pract.,1
Preparation,1
Present,1
Prestress,1
Primary,1
Primers,1
Principles,1
Probes,1
Proc,1
Prog,1
Progeria,1
Program,1
Prolong,1
Proper,1
Propidium,1
Proteins,1
Proteins),1
Proteins).,1
Protoc,1
Pseudomonas,1
Published:,1
Puig-de-Morales,1
Quantifying,1
Quantitative,1
R&D,1
R01GM090156,1
RA.,1
RC,1
RD,1
RESEARCH,1
RGD+1mAb,1
RGD-,1
RGD-Bead,1
RGD-integrin,1
RGDS,1
RIPA,1
RL,1
RM,1
RNAi,1
ROCK,1
ROS-dependent,1
RP,1
RT­,1
RT­PCRs,1
Rajagopal,1
Ramamoorthy,1
Ramamoorthy2,1
Rao,1
Rather,1
Rauzi,1
Rayburn,1
Razumova,1
Reagent,1
Real-Time,1
Received:,1
Recombinant,1
Redmond,1
Reduced,1
Reese,1
Reexpression,1
Regardless,1
Regnier,1
Regulatory,1
Remmerbach,1
Remodelling,1
Ren,1
Rep.,1
Required,1
Requirement,1
Resources,1
Rho,1
Rho-associated,1
RhoA-V14-transfected,1
Riethmacher,1
Rig,1
Riggi,1
Rim,1
Rio,1
Roger,1
Roh-Johnson,1
Rohani,1
Role,1
Rosalind,1
Ruel,1
S-J,1
S-S,1
S-W,1
S.D.,1
S.N.,1
S.P.S.,1
S1,1
S1);,1
S114­S122,1
S4),1
S4).,1
S430/,1
S430/25,1
SDS,1
SDS-Page,1
SDS­,1
SH,1
SJ,1
SMN),1
SMN-coilin.,1
SMN-containing,1
SMN-mediated,1
SMNWRAP53.,1
SMNcoilin,1
SP8-STED,1
SSEA-1,1
SSIIRT,1
SU,1
SUV39H1,1
SUV39h1),1
SV,1
SacI,1
Salameh,1
Saline,1
Sammak,1
Samuel,1
Sarcomeric,1
Sargent,1
Sauer,1
ScaI,1
Schematic,1
Schepers,1
Schier,1
Schliffke,1
Schmelter,1
Schoetz,1
Scholarship.,1
Schussler,1
Sci,1
Sciences),1
Scientific).,1
Scott,1
Seaman,1
Second,1
Self-association,1
Self-organized,1
Self-organizing,1
Self-renewal,1
Seong2,1
Seongbuk-gu,1
Seoul,1
Sergey,1
Shaded,1
Sheetz,1
Shen,1
Sheth,1
Shevtsov2,1
Shimizu,1
Shimosato,1
Shin,1
Short-term,1
Shpargel,1
Sigma,1
Sigma-Aldrich;,1
Signal,1
Signal.,1
Signaling),1
Signaling.,1
Significant,1
Simons,1
Simple,1
Simple).,1
Size,1
Skarnes,1
SmB.,1
SmaI-digested,1
Smad1,1
Smith,1
Snail,1
Soc.,1
Society,1
Sokabe,1
Soon,1
South,1
Sox1-labelled;,1
Sox10,1
Sox17),1
Sox17).,1
Sox2),1
Sox2-dependent,1
Sox2-knocked,1
Sox2highMitflow,1
Sox2lowMitflow,1
Spatz,1
Speicher,1
Spheroid,1
Spinal,1
Src,1
Src.,1
SrcApp5Papers&DestLinkType5FullRecord&DestApp5WOS&KeyUT5000272854800023.,1
St,1
St.,1
Staining,1
Stank,1
Star,1
StatPlus,1
Statistics,1
Stegemann,1
Stephen,1
Stephens,1
Stewart,1
Stimulation,1
Stochastic,1
Stott,1
Stoughton,1
Stretching,1
Stromal,1
Strong,1
Studies,1
Suggs2*,1
Sultan,1
Summarized,1
Sungsoo,1
Supatto,1
SuperMix,1
Supplementing,1
Suppressing,1
Suv39H1,1
Suva,1
Swedlow,1
Syndrome42.,1
Synthesis,1
System-level,1
Systems.,1
Szymczak,1
Szymczyk,1
T.H.).,1
T2A,1
T2A60,1
T4,1
TAZ,1
TGF-beta,1
TGFbeta/Activin/Nodal,1
TGX,1
TICs.,1
TICs26.,1
TL,1
TRC+Cdc42,1
TRC+empty,1
TRC:,1
TRC=Tumourrepopulating,1
TRCs5,1
TRCs9,1
TTAAGTTAATTAAGCTAGCGTTAAC-30,1
Tables,1
Tachibana,1
Taekjip,1
Taha,1
Taking,1
Tam,1
Tan,1
Tanaka3,1
Tang,1
Targeted,1
Tatsumi,1
Taylor,1
Technical,1
Technologies).,1
Technologies.,1
Tensile,1
Tension,1
Tert,1
Tesla.,1
Tether,1
Tetsuya,1
Their,1
Theriogenology,1
They,1
Three,1
Tian,1
Timeline,1
Tissues,1
Toh,1
Tongji,1
Top:,1
Toronto,1
Tract,1
Traction,1
TransScript,1
Transcriptional,1
Transfer,1
Triggering,1
Triton-X,1
Trolox,1
Tsai,1
Tschumperlin,1
Tsukada,1
Tukey's,1
Tulloch,1
Tumor,1
Tumour,1
Tumour-repopulating,1
Turning,1
Tweedie,1
Tween-20),1
Twenty,1
Twenty-four-well,1
Twisting,1
Two-dimensional,1
Type,1
U5,1
UACGAUACGGtt-30,1
UGUCUAUAUCAAtt-30,1
UIUC,1
UIUC.,1
UUCAGAUGUGGCCtt-30,1
Under,1
Undifferentiated,1
University-Purdue,1
University.,1
Unless,1
Unported,1
Urbana­,1
Use,1
Using,1
V3,1
VA),1
VL,1
Valastyan,1
Valojerdi,1
Values,1
Vancouver,1
Varying,1
Venus58,1
Verant,1
Vielmetter,1
Vintersten,1
Vis.,1
Visvader,1
Vitro,1
Vogel,1
Voldman,1
W.Y.,1
WNT11.,1
WNT5a,1
WRAP5,1
Wagner,1
Wagoner,1
Wan,1
Wang7,1
Wartenberg,1
Weber,1
Wehrle-Haller,1
Wei1,1
Weinberg,1
What,1
Why,1
Wiche,1
Widschwendter,1
Willert,1
William,1
Williams,1
Winklbauer,1
Without,1
Wnt/b-catenin,1
Wobus,1
Wolfe,1
Wozniak,1
Wrote,1
Wustmann,1
X-100,1
X.,1
XhoI-digested,1
Xu,1
Y-S,1
Y.-C.P,1
Y.-S.,1
Y.L.,1
Y.W.,1
Y.Y.,1
Y.Z.,1
Y27632,1
YA,1
YFP),1
YFP-Nopp140,1
YFP-SART3,1
YFP-SMN14,1
YFP-SmE,1
YFP-SmG,1
YFP-WRAP53,1
YFP-actin,1
YFP-coilin),1
YFP-coilin16,1
YFP/CFP,1
YFP17.,1
YFPCoilin47,1
YFPs,1
YPet,1
Yamada,1
Yamamoto,1
Yamashita,1
Yanada,1
Yao1,1
Yes-associated,1
Yokohama-Tamaki,1
Yong,1
Young,1
Young's,1
Yuejin,1
Zallen,1
Zeng,1
Zeppetelli,1
Zernicka-Goetz,1
Zhang,1
Zhong,1
Zhu,1
Zivkovic,1
Zomer,1
[10].,1
[11].,1
[12].,1
[13­15].,1
[15].,1
[16].,1
[17,1
[18],1
[19],1
[1].,1
[20,1
[20],1
[20].,1
[21].,1
[23],1
[23].,1
[25,1
[2].,1
[30].,1
[36,1
[38],1
[39­41],1
[3],1
[42].,1
[4].,1
[5].,1
[8,1
[9],1
[9].,1
`,1
`Brachyury').,1
`Oct4'),1
``b''),1
``b'':,1
`material,1
`permanent',1
`plastic',1
`plastic'.,1
`self-cleaving',1
a-actin+,1
a-actinin,1
a008128,1
a1/a2b1,1
a2b1,1
a5b1,1
aactin,1
ab8245),1
aberrations,1
ability,1
ability.,1
ablation,1
abnormal,1
about,1
above.,1
absolute,1
abundantly,1
acclimate,1
accordingly.,1
account,1
accounting,1
accounts,1
acetylation,1
achieve,1
achieved,1
acid-treated,1
acid71,1
acid:,1
acid;,1
acids,1
acquired,1
actin-myosin,1
activated,1
activation43.,1
acto-myosin,1
actomyosin,1
acts,1
adapt,1
adaptation,1
adapted,1
added.,1
adding,1
address:,1
adenomas.,1
adequate,1
adequately,1
adherence,1
adhesions,1
adjacent,1
adjusting,1
adult,1
advances,1
advantage,1
aeruginosa.,1
affected,1
affecting,1
ageing,1
agent,1
aggregate.,1
aggregated,1
aggregated.,1
aggregates.,1
aggregation.,1
airimmersion,1
albeit,1
aligned,1
alignment,1
allowing,1
allows,1
alpha,1
alphaVbeta3-integrin,1
already,1
altered,1
altered.,1
alternative,1
always,1
amino-terminal,1
ample,1
amplify,1
analysed.,1
analyses,1
anay3,1
anchorage,1
anchorage-dependent,1
aneuploid,1
animals.,1
animals28­31.,1
antagonist),1
antagonistic,1
anterior,1
anterior-posterior,1
anti-Brachyury,1
anti-E-Cadherin,1
anti-E-cadhrin,1
anti-ERK1/2,1
anti-Mouse,1
anti-Rabbit,1
anti-Sox1,1
anti-cAMP,1
anti-cancer,1
anti-collagen,1
anti-connexin,1
anti-correlated:,1
anti-integrin,1
anti-pERK1/2,1
anti-rabbit,1
anti-rat,1
anti-rat-IgG,1
anti-sarcomeric,1
antibiotics,1
antibodies.,1
antibody--,1
antibody.,1
antifade,1
antisense,1
apart):,1
aperture,1
apparatus,1
apparent,1
applications,1
applications.,1
applying,1
approved,1
approximate,1
approximated,1
arbitrary,1
are.,1
arranged,1
arrangement,1
artefacts,1
artefacts.,1
aspects,1
assayed,1
assembled,1
assembly?,1
assistance.,1
associate,1
associated.,1
associated20­22.,1
assuming,1
asymmetric,1
asymmetry.,1
atomic,1
atr,1
atrophy,1
atrophy19.,1
atrophy:,1
attract,1
author,1
availability.,1
avb3-blocking,1
avoid,1
awarded,1
away40,1
b-Mercaptoethanol,1
b.,1
b1-integrins,1
background-substracted,1
ballshaped,1
barriers,1
basic,1
bead).,1
beads).,1
beads/EB,1
beating.,1
became,1
begin,1
behavior,1
behavior.,1
behind:,1
below),1
benefit,1
beta-mercaptoethanol,1
beta.,1
beyond,1
biased,1
binding),1
binding.,1
biogenesis,1
biology,1
biomarker,1
biomechanical,1
biophysj.107.119891.,1
biopolymers,1
biosensor.,1
biosensor17,1
biosensors,1
blasticidinresistant,1
blastocyst),1
bleaching,1
block,1
blocked.,1
blood,1
blottings,1
blue,1
bodies53;,1
bore,1
bottleneck,1
bottom),1
boundary),1
boxes,1
brain6,1
breaking,1
bridge,1
briefly,1
buffer.,1
buffered,1
build,1
b­g.,1
c-MYC.,1
cRGDfV,1
cadherin-keratin,1
calcium-sensitive,1
calculate,1
calculations,1
came,1
camera.,1
cancer1.,1
cancer32,1
cancer?,1
capacity,1
carboxy,1
carboxy-terminal,1
carcinoma,1
carcinomas.,1
cardiogenesis,1
cardiomyocytes:,1
cardiomyocytes;,1
cardiomyogenic,1
care,1
carefully,1
case,1
case).,1
catalytic,1
cdd.2012.138.,1
cell's,1
cell-biological,1
cell-generated,1
cell-traction,1
cell/fibrinogen,1
cell10.,1
cell;,1
cells).,1
cells/EB.,1
cells/ml.,1
cells11,1
cells12,1
cells23.,1
cells26,1
cells45.,1
cells47­52.,1
cells54,1
cells55.,1
cell­fibrin,1
cell­fibrinogen,1
centrifugation,1
centrifuging,1
centroid,1
certain,1
challenging,1
chamber.,1
channels,1
chaperone,1
characteristics.,1
charge-coupled,1
chemiluminescent,1
chemo-resistance,1
chemotherapy2.,1
chondrogenesis,1
circle,1
circuit,1
clarify,1
classes,1
classical,1
cleared,1
clearly,1
clinically45,1
clones,1
cloning,1
close,1
closely,1
closest,1
clustering,1
clustering.,1
co-receptors,1
coculture.,1
coding,1
codon,1
coefficient,1
coilin-containing,1
coilin.,1
coilin27,1
coilin39.,1
coilinSART3,1
coilincoilin,1
coilinmediated,1
coilinsnRNP,1
collagen),1
collagen-1.,1
collagen-1;,1
collagen-1mediated,1
collagencoated,1
collagenous,1
collection,1
colon,1
colonization45.,1
colony's,1
color.,1
column).,1
columns),1
columns).,1
combination,1
combine,1
combined,1
communication.,1
comparable,1
comparative,1
compare,1
compared.,1
comparing,1
compatible,1
competence.,1
complementary,1
complex.,1
complexities.,1
compliance,1
compliance/cell,1
compliant,1
complication,1
component,1
components.,1
composition,1
compressive,1
compromising,1
compute,1
conceivable,1
concentrate,1
concentration),1
concept,1
conclude,1
condition;,1
conducted,1
confluence.,1
conformational,1
conjugated,1
connecting,1
connection,1
connexin43.,1
consequence,1
consequences,1
consequently,1
conserved,1
considered,1
consists,1
consolidate,1
constitutively,1
constraineddiffusion,1
construction,1
contact-induced,1
contractility.,1
contractions.,1
contributed,1
contributes,1
contributing,1
contribution:,1
control),1
control).,1
controlled,1
controls.,1
controls;,1
controversial.,1
conundrum,1
convert,1
coordinates,1
copies,1
core),1
coronary,1
correlates,1
correlation,1
cost-effective,1
cotransfected,1
count,1
counts,1
coupled,1
cranial,1
create,1
creativecommons.org/licenses/by-nc-sa/3.0/,1
creativecommons.org/licenses/by-nc-sa/4.0/,1
credited.,1
crest.,1
cross-correlation,1
cross-regulatory,1
crucibles,1
cryosectioning.,1
cues,1
cultures44.,1
currently,1
curves,1
custom,1
cx43,1
cycled,1
cycles),1
cycles).,1
cycling,1
cylinders,1
cytometry.,1
cytometry19,1
cytometry9,1
cytoplasm36,1
cytoplasm8,1
cytoskeleton),1
cytoskeleton)-nuclear,1
cytoskeleton;,1
cytosplasmic,1
cytotoxicity,1
daminozide,1
daminozide.,1
dark.,1
darker,1
data:,1
database.,1
days),1
deactivating,1
death.,1
decay,1
decided,1
decision,1
declared,1
deduced,1
deeply,1
defects,1
define,1
deformability,1
deformation',1
degraded,1
dehydrogenase.,1
delay,1
delay),1
delay.,1
delayed-contributing,1
delivered,1
demethylases:,1
demethylation-dependent,1
demethylation-induced,1
demethylation-mediated,1
demethylation/methylation,1
demonstrating,1
dendritic,1
density.,1
depended,1
depending,1
dephosphorylated,1
depleted.,1
deposition:,1
depot,1
depth,1
depth),1
described59.,1
described62.,1
design,1
despite,1
detached,1
detachment.,1
detailed,1
determination.,1
determination30,1
development:,1
develops,1
deviation,1
device.,1
di-methylation,1
diagnosis,1
diameter,1
diameter;,1
differ,1
difference;,1
differences.,1
different.,1
differentiate.,1
differentiating,1
differentiation-related,1
differentiation23,1
differentiation6,1
differentiation;,1
differs,1
diffusion41,1
dimethylation,1
directing,1
directionality,1
directions,1
discern,1
discovered,1
discrepancy:,1
discs26.,1
discussed,1
discussion,1
disease.,1
diseases,1
dish),1
dishes).,1
disorganized,1
dispersing,1
displace,1
displayed,1
disrupter,1
disrupting,1
disruption,1
disrupts,1
dissecting,1
disseminate,1
disseminated,1
dissipative.,1
dissociations,1
dissolve,1
dissolved.,1
distance:,1
divide.,1
documented,1
doi:10.1038/nmat3945.,1
doi:10.1371/,1
doi:10.1371/journal.pone.0113982.g001,1
doi:10.1371/journal.pone.0113982.g002,1
doi:10.1371/journal.pone.0113982.g003,1
doi:10.1371/journal.pone.0113982.g004,1
doi:10.1371/journal.pone.0113982.g005,1
doi:10.1371/journal.pone.0113982.g006,1
doi:10.1371/journal.pone.0113982.g007,1
doi:10.1371/journal.pone.0113982.s001,1
doi:10.1371/journal.pone.0113982.s002,1
doi:10.1371/journal.pone.0113982.s003,1
doi:10.1371/journal.pone.0113982.s004,1
domain,1
domain.,1
domains,1
dominant,1
don't,1
done,1
donor),1
donut-like,1
dopachrome,1
dormancy,1
dormant,1
dormant.,1
dot.,1
down.,1
dragging,1
dramatically,1
drastic,1
droplets,1
drops,1
drugs,1
drugs.,1
dual,1
duplexes,1
duration.,1
durations,1
dyn/cm2,1
dynamically,1
dynamics20.,1
dysfunction,1
e1000521,1
e1000597,1
e113982.,1
e21355,1
e41717,1
e46609,1
e6171,1
e6­e245.,1
e7886,1
earliest,1
easily,1
ectoderm-,1
ectoderm--during,1
ectoderm-like,1
ectoderm.,1
edn,1
effect.,1
effectively,1
effects.,1
efficiencies,1
elegans,1
elements,1
elevate,1
elevating,1
elongated,1
elsewhere19,1
embryogenesis.,1
embryogenesis15­22.,1
embryogenesis:,1
embryologic,1
embryonal,1
embryonic-day,1
emerin12,1
emission.,1
emissions,1
employed,1
employs,1
empty,1
enables,1
encode,1
encoded,1
end-to-end,1
end.,1
endo-,1
endoderm;,1
endodermal,1
energy).,1
engaging,1
engineered,1
enhancement,1
enlarged,1
ensuring,1
entire,1
entity.,1
entry,1
environment.,1
environments,1
enzymatically,1
epiblast,1
epiblast-like,1
epigenetically,1
epigenetics,1
epigenomics:,1
epithelium,1
epithelium.,1
epithelium:,1
epitope,1
equally,1
equivalent,1
eradication24.,1
esophageal,1
especially,1
establish,1
establishing,1
estimate,1
estimated,1
ethanol,1
euchromatic,1
evaluated,1
evaluation,1
events,1
events.,1
eventual,1
eventually,1
evolutionarily,1
exacerbate,1
examination,1
examined.,1
examining,1
exchanged,1
exclude,1
executed.,1
exerting,1
exerts,1
exist.,1
existence,1
existing,1
expected,1
experiment,1
experiment.,1
experiments),1
experiments).,1
explanations,1
exploiting,1
exploring,1
expose,1
exposure.,1
expresses,1
expressing,1
expression/suppression,1
expressions,1
expressions.,1
extend,1
extended,1
extensive,1
external-stress-induced,1
externally,1
extraction,1
f,1
facilitate,1
facilities,1
factor),1
factor--Leukaemia,1
factors:,1
failed,1
failure,1
failure.,1
family,1
farthest,1
feature,1
fecundity,1
feeder-free,1
feel,1
feel:,1
fellowship,1
felt,1
female,1
ferric,1
ferrocyanide,1
fertilization,1
fiber,1
fibers,1
fibrillarin-YFP48,1
fibrillarin­coilin,1
fibrinogen-mediated,1
fibroblasts.,1
fibronectin.,1
fibronectin;,1
fibrosis.,1
fide,1
fide.,1
field),1
field.,1
fifty,1
figures,1
figures.,1
filament,1
filaments.,1
filaments32),1
files.,1
filopodia,1
filtering,1
findings5,1
finite,1
fix,1
flasks,1
flexible,1
flipped,1
flk-1+,1
florescence,1
flourescence,1
flow,1
fluorescence-activated,1
fluorescence-expressing,1
focus,1
focused,1
focusing,1
focussed,1
force-bearing,1
force-deformation,1
force-free).,1
force-mediated,1
force/deformation,1
force;,1
forces18.,1
forces;,1
formalin,1
formation46,1
formation69.,1
former,1
forms,1
formula,1
forward,1
fraction.,1
fragments,1
frames,1
frequency-dependent,1
function),1
function?,1
functionally,1
funded,1
funders,1
g),1
gain,1
gamete,1
gap,1
gastrulae,1
gates,1
gaussmeter,1
gave,1
gel),1
gel9,1
gelatin,1
gels),1
gels5.,1
gels52.,1
gels;,1
gem,1
gene-specific,1
gene-trap,1
generation.,1
generously,1
genes.,1
genes13­15,1
genetically,1
genome,1
genomic,1
gentle,1
germ-layer,1
gift,1
gives,1
glance.,1
glass/plastic.,1
global,1
glucose-Dulbecco's,1
glyceraldehyde-3-phosphate,1
glycoprotein,1
goat-anti,1
govern,1
greatest,1
green,1
group,1
grows,1
growth34.,1
h),1
h).,1
h1,1
hESC,1
hESCs),1
haemocytometer.,1
hairpin,1
half,1
happen,1
harbours,1
harvested,1
having,1
heat),1
heated,1
heavy,1
help,1
help.,1
hematopoiesis,1
heparan,1
here,1
heteroheptameric,1
heterotrimeric,1
hierarchically,1
hierarchy,1
his,1
histone-modification,1
holds,1
homebuilt,1
homeobox,1
homogenous,1
homogenously,1
http://gateway.webofknowledge.com/gateway/Gateway.cgi?GWVersion52&SrcAuth5mekentosj&,1
humane,1
humidified,1
hydrochloric,1
hypermethylated,1
hypophosphorylated,1
hypothesize,1
i,1
ib,1
ice,1
ice.,1
id,1
identified,1
identified.,1
identity,1
iff,1
imager,1
imatinib-resistant,1
immediate,1
immersion,1
immortalized,1
immunoprecipitated,1
immunoprecipitation.,1
immunostained,1
immunostaining.,1
impaired16.,1
implants.,1
imply,1
import,1
importantly,1
in-N,1
in-depth,1
in-vitro.,1
inaccessibility,1
inactivation,1
include,1
included.,1
includes,1
incoming,1
increasingly,1
incubation,1
incubator,1
index.,1
indicated.,1
indirect,1
indirectly,1
indispensable,1
inducing,1
inefficient,1
infer,1
inherent,1
inhibition.,1
inhibitory,1
initial,1
inoculated,1
input,1
insert,1
inserted,1
instant,1
instructions,1
intactness,1
integral,1
integrin),1
integrin-ECM,1
integrin-ligand,1
integrin39,1
integrin41,1
integrinmediated,1
integrins38),1
inter-E-cadherin,1
interactions.,1
interest,1
interests,1
interference,1
interfering,1
interleukin-2,1
interpretation,1
interval,1
intervening,1
intervention,1
intestinal,1
intestinal8,1
into.,1
intracellular,1
intravasate,1
intravasated,1
intravenously,1
inverse,1
inversely,1
investigated.,1
investigation,1
investigator,1
involvement,1
inwards,1
iodide,1
irrespective,1
ish,1
isolation,1
issue,1
it),1
it.,1
j.ijcard.2007.04.173.,1
joining,1
journal.pone.0113982,1
junction,1
just,1
kDa,1
kPa',1
kPa'.,1
kb.,1
knockdown.,1
know,1
lab,1
labeled,1
labs,1
lack,1
lacks,1
laevis,1
lamin,1
laminin,1
laminopathic,1
lamp,1
lamp.,1
lane,1
largest,1
last,1
lasted,1
late,1
latency,1
later.,1
latter,1
layer),1
layers--endoderm,1
layers22.,1
lch,1
leak,1
least),1
lectin,1
led,1
left-right,1
left;,1
length,1
lethality.,1
leukemia,1
lie,1
ligands,1
like,1
limited,1
lin-S,1
line),1
lineage-survival,1
lineage.,1
lineages.,1
linear,1
linkage,1
linking,1
loading-frequency,1
localization,1
localization.,1
locally,1
locate,1
located,1
locates,1
logistics:,1
long-lasting,1
long-standing,1
look,1
loosely,1
lose,1
lost,1
low-affinity,1
low-serum,1
lowered,1
lowest,1
mCherryLamin,1
mM),1
mM).,1
macromolecular,1
macroscopic,1
magnetized.,1
magnification,1
magnitude=24.5Pa).,1
magnitudes.,1
mainly,1
majority,1
making,1
manipulate,1
manipulation;,1
manner,1
manuscript,1
map.,1
maps,1
maps.,1
marker),1
marker).,1
marker.,1
marrow,1
marrow45,1
mask,1
mathematical,1
matrix-induced,1
matrix-rigiditydependent,1
matrix44.,1
matter,1
maximizing,1
me2),1
means,1
measurement,1
measurement.,1
measurement..,1
measurements,1
measures,1
mechanically,1
mechanics.,1
mechanoresponsive,1
mechanotransduction1­6,1
media,1
media.,1
mediate,1
mediating,1
melanoblasts,1
melanoblasts.,1
melanocyte-related,1
melanocyte-specific,1
melanocytes,1
melanocytic,1
melanogenesis,1
melanoma.,1
melanosome-specific,1
membrane.,1
membrane?,1
membranes,1
mentioned,1
merely,1
merge,1
mesendoderm,1
mesoderm-like,1
mesoderm/ectoderm,1
mesoderm63.,1
mesoderm;,1
messenger,1
metalloproteinase-2,1
metalloproteinease,1
metastases.,1
metastasis.,1
metastasis45.,1
metastasis:,1
method.,1
method49,1
methyl-lysine,1
methylase,1
methylated,1
methylation-induced,1
methylation-mediated,1
methylation20.,1
methylomes,1
mice18,1
microfilaments,1
microfluidic,1
micrograph.,1
micrographs.,1
microsphere-mediated,1
microspheres,1
microtubule-disrupting,1
middle),1
middle:,1
midgut,1
migration.,1
mild,1
million),1
mimic,1
minimal,1
minimize,1
minimizing,1
minute,1
mirek.dundr@rosalindfranklin.edu).,1
misaligned,1
mixing,1
ml.,1
ml/100,1
mm),1
mode,1
modeled,1
modeled.,1
modeling,1
models,1
modest,1
modification,1
modification.,1
modification35.,1
modulating,1
modulus,1
modulus),1
molecule(s),1
molecules.,1
monitor,1
month:,1
morphogenesis52.,1
morphology);,1
motifs,1
motifs57,1
mouse3,1
moved,1
movements23,1
movies,1
ms).,1
much.,1
multi,1
multi-gene,1
multi-protein,1
multi-protein­RNA,1
multipotency.,1
mutated,1
mutation,1
myocardium,1
myogenesis.,1
myosin-II,1
myosin-II-dependent,1
myosin-II-mediated,1
myosin-IIA-mediated,1
n-,1
n4100,1
n4150,1
n450,1
n475,1
n=106,1
n=13.,1
n=3,1
n=5),1
n=58),1
n=6,1
n=77,1
n=85),1
n=9,1
nanoenvironment,1
nanomechanical,1
nanoscale,1
narrow,1
naturally,1
nd,1
nd1,1
necessary.,1
needed,1
negligible,1
neuronal,1
ng/ml,1
ng/ml),1
nine,1
nm)51.,1
non-axial,1
non-stiffening,1
non-uniform,1
noncanonical,1
none,1
nonessential,1
nonmetastatic,1
nonmuscle,1
nonsynergistic,1
nontumorigenic,1
normalized.,1
not.,1
note,1
noteworthy,1
novel.,1
novo,1
nucleolar,1
nucleoli9,1
nucleolus,1
nucleolus.,1
nucleoplasm.,1
nucleus7.,1
nucleus8,1
nucleus?,1
numerical,1
numerous,1
nwangrw@illinois.edu),1
n­,1
o17.5,1
objective,1
observe,1
observed.,1
obtaining,1
occur,1
occurred,1
off-target,1
oft,1
oil-immersion,1
oildroplet,1
oligonucleotides,1
omitted,1
once,1
once.,1
oncogene,1
one-quarter,1
one-way,1
ones.,1
oocytes.,1
open,1
openaccess,1
opening.,1
optical,1
optimal,1
optimize,1
options,1
order,1
organisms.,1
organization1­5.,1
organized.,1
organs,1
organs/,1
orientation,1
orienting,1
originate,1
oscillation,1
osteosarcomas.,1
other.,1
other14,1
otherwise.,1
outside-in,1
outside.,1
outward,1
ovarian,1
overcome,1
overcomes,1
overexpressing,1
overexpression:,1
overlap,1
overlay,1
overnight.,1
oviduct,1
oxygen,1
p-values,1
p80-coilin,1
pBS_IV2AP,1
pBS_IVpA.,1
pBS_MCSIR2AP,1
pBS_MCSIR2AP.,1
pBS_MCSIR2APx,1
pBS_MCSIR2APx.,1
pBS_MCSIV2AP,1
pBS_MCSIV2AP.,1
pCAG_DsRedT2AP,1
pCAG_T2APuro59.,1
pECFP-C1,1
pERk1/2,1
pEYFP-C1,1
pGTLox4,1
pH,1
pPGKBsrpA,1
pRsetB,1
pTIRPPB,1
pair.,1
pairs.,1
palpable,1
panel),1
panel)),1
paper:,1
paradigms.,1
parallel,1
parallels,1
part,1
particles,1
partly,1
parts,1
pathway37.,1
pathway48),1
patients,1
patients.,1
patterning,1
patterns27.,1
pcDNA3,1
peaks,1
penicillin,1
penicillin/streptomycin,1
penicillin­streptomycin,1
peptide--immobilized,1
peptide-based,1
perfect,1
periimplantation,1
peripheral,1
peripheries,1
permeability,1
permits,1
perturbed.,1
pharmacologic,1
phase-lagged,1
phases,1
phenol/chloroform,1
phenomena,1
phenotyping.,1
phosphatase,1
photobleaching,1
photomultiplier,1
physically,1
physiologic,1
piconewton,1
pipetting,1
pivotal,1
pixel,1
pixel-by-pixel,1
pixels.,1
pl1,1
placental,1
planes,1
plant,1
plasmid.,1
plasmids,1
plastic:,1
plastic;,1
plate.,1
plateau,1
plates.,1
plates;,1
platform,1
plating),1
plating).,1
plotted,1
pluripotency25,1
polar,1
polarity14.,1
polarization,1
polarize,1
poly-L-lysin-coated,1
polyacrylamide.,1
polymer,1
polymerase,1
polymerase.,1
pool,1
population.,1
pore,1
porosity.,1
porous,1
pose,1
position),1
positioning.,1
positionspecific,1
possibility,1
postmitotic,1
postnatal,1
postulated,1
potassium,1
ppropriate,1
pre-added,1
pre-differentiation,1
pre-diluted,1
pre-force,1
pre-ribosomal,1
precast,1
precedes,1
precipitates,1
precipitation.,1
predict,1
predicted,1
prediction24.,1
predigested,1
preexisting,1
preferential,1
preferentially,1
pregnancy,1
preliminary,1
premature,1
premixing,1
preparation,1
preparation.,1
prepare,1
preterm,1
prevailing,1
prevalent,1
prevents,1
previously11.,1
previously5.,1
primarily,1
primes,1
primordial,1
probed,1
probes.,1
processing.,1
processing14,1
produce,1
product,1
profiling,1
profiling.,1
progeria.,1
program.,1
programme,1
progression40.,1
progression41­43.,1
progression43­45.,1
project.,1
proliferated,1
proliferating.,1
proliferation.,1
proliferative,1
prolonged,1
prominent,1
promise,1
promoted,1
promoter12.,1
prone,1
propagates,1
propensity,1
properly,1
properties.,1
properties10­13.,1
proportional,1
proportionally,1
proteases42,1
protein-4,1
protein-bound,1
protein-induced,1
protein-mediated,1
protein-protein,1
protein/mg,1
protein­RNA,1
protein­RNA),1
proteoglycans,1
proteolytically,1
protrusions,1
protrusive,1
pseudocolour.,1
publish,1
pulled,1
purity,1
puromycinresistant,1
qPCR,1
qRT­PCRs,1
quantifying,1
quarter,1
questions,1
questions.,1
quiescence,1
quiescent,1
quiescent.,1
r,1
r(t),1
r(ti,1
r.p.m.,1
rac-1,1
radians.,1
random,1
randomly,1
range.,1
rapid,1
rapidly,1
rate-limiting,1
rather,1
ratio.,1
re-seeded,1
re-suspended,1
reached,1
reaction),1
reactivating,1
reactive,1
readout,1
reagents/materials/analysis,1
reassembly,1
received,1
receptor,1
receptor-g,1
receptors,1
recombinant,1
reconstructive,1
recorded,1
recovery,1
recruit,1
recruited,1
recruits,1
recycling,1
red:,1
reduces,1
reducing,1
ref.,1
referenced.,1
referred,1
referring,1
refinement,1
reflection,1
reflects,1
regain,1
regard,1
regards,1
regional,1
regions,1
regions.,1
regular,1
rehydrated,1
relapse,1
relevance,1
relevant.,1
remainder,1
remained,1
remaining,1
remodeled.,1
remodeling.,1
remodelled,1
remote,1
reorientation.,1
repeated,1
replicate,1
replicated,1
replicates,1
repopulating,1
repopulation,1
reporters,1
reports.,1
reports24,1
representation,1
reproduction,1
reproductive,1
reprogramming,1
required.,1
requires,1
rescued,1
reseeding,1
residual,1
resistance.,1
respective,1
respectively50.,1
responded,1
restraining,1
restrains,1
restricted,1
restriction.,1
results13.,1
results25­27,1
results6,1
retrieval,1
retrieved,1
retroviral,1
return,1
reveal,1
reversal,1
reversible,1
rhabdomyosarcoma.,1
rheological,1
rhoA.,1
ribonucleoprotein,1
ribosome,1
right,1
rigidities,1
rigidities.,1
rigidity-dependent,1
rigidity5.,1
rigorously,1
rin,1
ring),1
ring-like,1
rix,1
rod,1
roles15.,1
rosettes.,1
rotary,1
rotation.,1
roughness.,1
roundedness,1
roundness,1
rpm,1
rule,1
s.e.m.;,1
sampling,1
sc-146320),1
sc-146320A,1
sc-146320B,1
sc-146320C,1
sc-2004),1
sc-2005).,1
scaffold,1
scaling,1
scenario,1
sciences,1
seconds,1
sectioned,1
segment,1
segregate,1
segregation,1
selecting,1
selective,1
self,1
self-,1
self-cleaving,1
self-interact27.,1
self-interaction,1
self-oligomerizing,1
self-organizes,1
selfannealed,1
selforganization,1
selfrenewal.,1
selfrenewing,1
sensitivity,1
separated,1
sequence.,1
sequenced,1
sequencing.,1
serum-deprived-media.,1
serum.,1
serumfree,1
serve,1
setting,1
settle,1
setup.,1
shRNA.,1
shadow,1
shaker,1
shaking.,1
shape.,1
shapes,1
sharing,1
sharp,1
short-time,1
shortterm,1
si,1
sick?,1
signal-regulated,1
signals.,1
significance,1
silenced,1
simple,1
since,1
singlemolecule,1
sinusoidal,1
site.,1
six,1
size),1
size.,1
skeleton,1
skin7,1
slowly,1
snRNPs.,1
snRNPs28.,1
snoRNP,1
soft-fibrin-gel-selected,1
soft-fibrin-matrix-mediated,1
soften,1
softened,1
softening.,1
softest,1
solidify,1
sometimes,1
sonicated,1
sorter.,1
sorting),1
sorting.,1
source.,1
sox,1
specialized,1
species,1
specific.,1
specification,1
specificity,1
speckles,1
spectrin4,1
speculate,1
speed,1
spheroids.,1
splicing28.,1
spots.,1
squamous,1
square,1
stabilized,1
stably,1
stain,1
stained.,1
stains,1
start,1
statistics--2013,1
statistics.,1
stay,1
stem-cells,1
step-function,1
step-function),1
sticky,1
stiffened,1
stiffens,1
stiffness10­13,1
stiffness52.,1
stimulate,1
strain-mediated,1
strain-stimulated,1
streak-derived,1
strengthened,1
strengths:,1
streptomycin,1
stress-magnitude-dependent,1
stress-propagating,1
stress:,1
stressdependent,1
stressed,1
stressinduced,1
stretch,1
stroke,1
structural-functional,1
structures8,1
sub-figure,1
sub-figure.,1
subfigures.,1
subjected,1
subnuclear,1
subsets,1
substrate-mediated,1
substrates43.,1
subtracted,1
subtypes,1
subunit,1
success,1
successively,1
sudden,1
suffering,1
sulfate,1
summarized,1
summary,1
supernatant,1
supplements,1
suppress,1
suppression.,1
suppressor,1
surgery,1
surgical,1
surprisingly,1
survival.,1
survive,1
susceptibility,1
sustains,1
symmetry,1
synchronous,1
synchronously,1
synergistic,1
system51,1
tA,1
tailoring,1
takes,1
talin,1
talin5,1
targeting,1
tautomerase,1
technical,1
techniques,1
telomerase,1
telomeres14­17.,1
template,1
temporal,1
tempting,1
ten.tea.2008.0145.,1
tens,1
terminus,1
terminus29,1
test,1
test.,1
testing,1
theirs,1
them.,1
theme,1
themselves.,1
therapies.,1
therapy,1
thickness,1
thin,1
think,1
thousands,1
threedimensional,1
thresholded,1
thrombasthenia,1
till,1
time-dependent,1
timepoints,1
tiny,1
tip.,1
tissues.,1
tissues/organs,1
tissues46.,1
tomography,1
tools:,1
top),1
torque,1
tosyl-activated,1
toward,1
tracing,1
tracked,1
tractional,1
transcription-PCR,1
transducer,1
transducers,1
transduction.,1
transduction24,1
transepithelial,1
transfection.,1
transfer.,1
transformation36.,1
transiently,1
transition,1
translocation,1
translocation),1
transmits,1
transport,1
treatment.,1
trends,1
tri-snRNP,1
trigger,1
triggers,1
trimethyl,1
trophectoderm,1
trophoblasts,1
tropism,1
tropism.,1
trypsin,1
trypsin/,1
tube-like,1
tumor-like,1
tumor-propagating,1
tumorigenicity,1
tumorigenicity.,1
tumorigenicity26,1
tumors,1
tumors.,1
tumour.,1
tumours15,1
tumours5,1
tumours;,1
turn,1
turnover,1
twice,1
twist,1
twisting.,1
two-dimensional,1
twofold,1
type-1,1
tyrosinase-related,1
umour-initiating,1
unattached,1
unbound,1
undifferentiated11,1
unfolded,1
uniform,1
uniformly,1
uniquely,1
unperturbed,1
unresponsive,1
unrestricted,1
until,1
unwashed,1
update:,1
upregulated,1
upregulation,1
ur,1
ury,1
usually,1
uterine,1
uterus32,1
utilize,1
v3,1
vacuum,1
validated,1
variability.,1
variant,1
variations,1
varying,1
vector.,1
vector:,1
vector;,1
vectors,1
vein,1
veins,1
versa,1
versatile,1
vessel.,1
vice,1
vicinity,1
view.,1
vinculin38.,1
von,1
w,1
wall34,1
was.,1
washed,1
waveform,1
weakened,1
well.,1
white,1
white.,1
whole-mouse,1
whom,1
whose,1
wide,1
wildtype,1
withdrawing,1
withdrew,1
xA,1
years,1
years.,1
yeast,1
yellow,1
yet,1
yielded,1
z,1
z-heights,1
z-stack,1
zebrafish.,1
{,1
},1
~0.9µmmin-1,1
~1.51kPa,1
~14­17Pa,1
~150ms,1
~15s,1
~25°,1
~29°,1
~300ms,1
~33°,1
~350ms,1
~4nm,1
~4µm,1
~5,1
~5°,1
~700­1,1
¡,1
­200,1
­400,1
­600,1
­LI,1
­S,1
°C/5%CO2.,1
×,1
ß,1
ð1Þ,1
(%,2
(10,2
(100,2
(1993),2
(1999),2
(2000),2
(2003).,2
(2004),2
(25,2
(42,2
(5,2
(50,2
(5c5,2
(90-Pa),2
(A­D),2
(BMP4),2
(BioLegend),2
(Brachyury).,2
(Colch,2
(Control),2
(D),2
(EB),2
(Fe3O4,2
(H3K9),2
(ID,2
(IDT).,2
(Life,2
(Mathworks),2
(Millipore,2
(NMHC,2
(OI-04-SEX2),2
(Po0.001,2
(RGD)-coated,2
(Reagent,2
(Sigma,2
(Sigma),2
(TRCs),2
(after,2
(and,2
(both,2
(c).,2
(data,2
(ectoderm,2
(from,2
(green),2
(harvested,2
(knockdown,2
(linker,2
(mesoderm,2
(n=15),2
(n=23),2
(n=43),2
(n=6),2
(n=63),2
(n=64),2
(n=73),2
(nm),2
(not,2
(or,2
(pH,2
(peak,2
(red),2
(right,2
(see,2
(that,2
(which,2
(x103,2
*Po0.001.,2
*p,2
+Cdc,2
+scrambled,2
-N,2
-Sm,2
.,2
0.05%,2
0.21),2
0.25%,2
0.38),2
0.5%,2
0.7,2
0.83Hz,2
0°,2
1.35,2
1.45,2
1.7,2
10-fold,2
1050-Pa',2
10min,2
11).,2
1124­1127,2
119,2
12).,2
122,2
127:,2
13),2
13;,2
140,2
15%,2
15kDa,2
160,2
168,2
17].,2
1:100,2
1:300,2
1a,2
1b,2
1c,2
1s,2
1­3).,2
2%,2
20%,2
20:,2
23,2
24.5,2
241­254,2
24;,2
26,2
29:,2
2a;,2
2kPa,2
3-W,2
3-phosphate,2
31,2
3a),2
3b;,2
4%,2
4).,2
41,2
43.,2
430074,2
44.,2
45.,2
46.,2
46556,2
47.,2
48.,2
49.,2
4b).,2
4°-phase,2
5.5,2
50.,2
51.,2
512,2
515-nm,2
52.,2
53.,2
54),2
54.,2
55,2
55.,2
56,2
56),2
56.,2
587,2
5:,2
5A,2
5a,2
5b,2
6),2
677­689,2
69,2
6b).,2
7),2
7-day,2
7.4,2
70%,2
73,2
734­741,2
763­769,2
776­791,2
7D).,2
7a,2
7a).,2
7b),2
8.0,2
800,2
82­88,2
891­906,2
9),2
9).,2
91,2
94:,2
95,2
99,2
AB:,2
AM,2
AM4611),2
Acid,2
Actin,2
Activation,2
Actomyosin-mediated,2
Adachi,2
AflII,2
Alenghat,2
Alexa,2
American,2
Appl.,2
Approximately,2
Apr,2
Arash,2
Arg-Gly-Asp,2
Arginine-Glycine-Aspartic,2
AttributionNonCommercial-ShareAlike,2
Average,2
B1,2
B100,2
B90%,2
Based,2
Because,2
Berry,2
Billerica,2
Biochem.,2
Bioengineering,2
Biomechanics,2
Biomed,2
Blocking,2
Bmi-1,2
Bovine,2
Bra,2
Bratt-Leal,2
C-kit,2
C:,2
CF,2
CFP-coilin,2
CFP:,2
CO2-independent,2
Care,2
Cdc42-EGFP,2
Cdc42-mediated,2
ChIP,2
Chromatin,2
Chung,2
Coilin-WRAP53,2
Col-I,2
Collagenase,2
Confocal,2
Connexin,2
Consistent,2
Control:,2
Cx43,2
Cytometry,2
Czyz,2
D.C.W.,2
DC,2
DF,2
DR,2
Daminozide,2
DeSimone,2
Death,2
Defects,2
Defining,2
Demonstration,2
Dev,2
Displacements,2
Distinct,2
Dkk1,2
Dong,2
Dual,2
Dundr,2
During,2
Dx,2
Dynamics,2
E-S,2
E9.0,2
EB.,2
ERK,2
ERK.,2
EX/EM,2
EcoRV,2
Ecto,2
Effects,2
Endo,2
Enhance,2
Epigenetic,2
Exogenous,2
F-actin-LINC,2
FASEB,2
FB,2
FBL-coilin,2
FEBS,2
FITC,2
FJ,2
Fabry,2
Farhan,2
Fib,2
Figs,2
Five,2
Flow,2
Fluor,2
Fong,2
Foundation,2
From,2
Functional,2
Further,2
GM,2
GM072744,2
GRGDS,2
Gauss,2
Gene,2
Genesis,2
Genomics,2
Goldberg,2
Gtx,2
Haiying,2
Heart,2
Hg,2
High,2
Hong1,2
Howard,2
HpaI,2
Huber,2
I-coated,2
II-B,2
Immediately,2
Immunofluorescence,2
Inc,2
Indianapolis,2
Individual,2
Inhibitory,2
Insights),2
Int.,2
Interaction,2
Invitrogen,2
J.C.,2
J.S.,2
JD,2
JP,2
Ji,2
Johnson,2
Junjian,2
Junwei,2
KDM4,2
Keller,2
Kinase,2
Knockdown,2
Knockout,2
L-,2
L-glutamine,2
L.W.,2
LJ,2
LS.,2
Laura,2
Lecuit,2
Lenne,2
Lett.,2
Leukemia,2
License.,2
Lili,2
Lines,2
Live,2
Local,2
Lys,2
MA,2
MS:,2
Maniotis,2
Mater,2
May,2
Mcdevitt,2
Med.,2
Melanoma,2
Merge,2
Meso,2
Millipore,2
Millipore).,2
Mix,2
Mixl1,2
Modified,2
Movie,2
Movies,2
N-,2
NDS),2
Nanog,2
Nanotech.,2
NcoI,2
Nevertheless,2
No.,2
Noggin,2
Nucleus,2
Ogawa,2
Origene,2
Ot,2
Ottawa,2
Otx,2
P-values,2
P53,2
PI,2
Pablo,2
Palecek,2
Pax3,2
Peptite,2
Phase-lag,2
Physiol,2
Pico,2
Pink,2
Plating,2
Po0.003,2
Po0.004,2
Po0.008,2
Po0.01),2
Po0.012).,2
Po0.05).,2
Positive,2
Previous,2
Protein,2
Puror,2
Putative,2
PvuII,2
Q.,2
Qiong,2
Quintana,2
R.S.,2
R1,2
RGD-beads,2
RMS,2
RNA.,2
RT-PCR.,2
Rac,2
Raw,2
Recent,2
Red,2
Reduction,2
Regenerative,2
Reverse,2
Rishi,2
S.Z.,2
S2),2
S470/30;,2
S500/20,2
S535/30.,2
SAR,2
SMN-Coilin,2
SMNSART3,2
SOX2,2
SP,2
Saha,2
SalI,2
Salmon,2
Sarkar,2
Schwartz,2
Self-organization,2
Sen,2
Serum,2
Short,2
Shuang,2
Signalling,2
Silencer,2
Similar,2
Singh,2
Singh2,2
Snail-mediated,2
Sox2.,2
Sox2dependent,2
Spatial,2
Spontaneous,2
Spring,2
Stanford,2
Stiffness,2
Stress-induced,2
Structural,2
Suggs,2
Sun,2
SuperSignal,2
Supporting,2
Suzuki,2
Switching,2
T.H.,2
T.S.T.,2
T7,2
TBST,2
TC,2
TIme,2
TS,2
Tajik2,2
Tan1,2
Technology.,2
Tensional,2
Then,2
There,2
Thodeti,2
Three-dimensional,2
Timing,2
Ting,2
Total,2
Treatment,2
Tris,2
Trizol,2
Tw,2
Two,2
Tytell,2
U.,2
U/ml,2
U4/U6,2
US,2
USA),2
Uda,2
Urbana-Champaign,2
Wenting,2
West,2
White,2
With,2
Wu,2
Wu1,2
Wu2,2
XhoI,2
Y-27632,2
Y.-C.,2
Y.H.,2
YAP/TAZ,2
YFP-SMN,2
YFP:,2
YPet/CFP,2
Yang,2
Yao,2
Yi1,2
Ying,2
Yingxiao,2
Youhua,2
Zborowski,2
Zeiss,2
[16,2
[22].,2
[5],2
[6­8],2
`#',2
`0.15,2
aberrant,2
abolished,2
abrogated,2
accounted,2
acknowledges,2
actin-dependent,2
active,2
activities,2
adherent,2
adhesion.,2
adhesions.,2
adjusted,2
affinity,2
against,2
aggregate,2
aggregates,2
airway,2
alone.,2
although,2
amino,2
amplitude,2
analyse,2
analyses.,2
animal,2
animals,2
another,2
anti-correlation,2
apart,2
apoptosis,2
apoptotic,2
appear,2
appearance,2
appearing,2
appears,2
aqueous,2
array,2
arrays,2
arrow,2
arrows,2
article's,2
assays,2
assembly,2
assess,2
assessed,2
attach,2
average,2
axial,2
bar:,2
barrier,2
baseline),2
baseline.,2
bead),2
bead.,2
beads.,2
become,2
behaviour,2
behaviours,2
best,2
better,2
binary,2
biosensor,2
blebbistatin,2
blocks,2
blot,2
blunt-ended,2
bona,2
cadherin-mediated,2
calcein-AM,2
camera,2
capture,2
captured,2
cardiac,2
cardiomyogenesis.,2
cascades.,2
cell-derived,2
cell-matrix,2
cells:,2
cell­,2
central,2
centrifuged,2
challenge,2
changes.,2
changing,2
characterization,2
characterized,2
chemically,2
chemotherapeutic,2
chemotherapy.,2
chy,2
clinical,2
clinically,2
clonal,2
clone,2
cloned,2
cohesive,2
coiled,2
coilin-WARP53,2
cold,2
collective,2
colonies),2
colony;,2
colour,2
combinatorial,2
common,2
concentrated,2
concentrations,2
constrained,2
constructs,2
copy,2
correlated,2
cortical,2
counterstained,2
credit,2
cross-linking,2
crosslinking,2
culturing,2
cytoplasm.,2
cytoplasmic,2
daily.,2
dark,2
dashed,2
date,2
day.,2
days:,2
days;,2
de,2
decades,2
defective,2
deficiency,2
deform,2
dehydrogenase,2
demethylases.,2
derived,2
designated,2
detectable,2
detection,2
determination,2
determined,2
develop,2
developmental,2
dichroic,2
differentiation:,2
digital,2
discrepancy,2
dishes.,2
displacement),2
disrupt,2
dissipated,2
dissipative,2
dissociates,2
distilled,2
distinctly,2
donkey,2
dosedependent,2
doubling,2
downregulated,2
downregulating,2
downregulation,2
downstream,2
drives,2
driving,2
dynamics.,2
e15655,2
easier,2
efficient,2
efficiently,2
eg,2
elevation,2
elucidate,2
elucidated.,2
embryogenesis,2
emission),2
encapsulated,2
endoderm-like,2
endometrial,2
engagement,2
enhanced,2
enough,2
envelope.,2
environment,2
enzyme,2
epidermal,2
equal,2
equals,2
equation,2
essentially,2
ethidium,2
evolving,2
exact,2
example,2
excited,2
exerted,2
exist,2
expanded,2
experience,2
experienced,2
experiments:,2
explained,2
explored,2
extending,2
extracted,2
facilitates,2
fail,2
fate.,2
fates,2
features,2
fertility,2
fibrillarin,2
fibrinogen-coated,2
fibroblast,2
fibroblasts,2
fibronectin-coated,2
find,2
fluid,2
foci,2
follow,2
fragment,2
frame,2
front,2
full,2
fully,2
functions.,2
functions26.,2
funds,2
fused,2
g,2
gained,2
gently,2
geometry,2
get,2
give,2
glass-bottomed,2
glioblastoma,2
glyceraldehyde,2
gross,2
guide,2
guiding,2
hand,2
heart,2
highest,2
holder,2
homeostasis,2
homodimer,2
horizontal,2
http://,2
hundred,2
hyperphosphorylated,2
hyperplasia,2
hypothesized,2
identical,2
illuminated,2
imaged,2
immunofluorescently,2
implantation.,2
importance,2
inch,2
independently,2
induction,2
influenced,2
influences,2
influx,2
inhibitors,2
initiated,2
injecting,2
insights,2
instruction,2
integrated,2
integrin-RGD,2
integrin.,2
interactome,2
interference.,2
internal,2
introduced,2
invade,2
invasive,2
ions,2
isotype,2
issues,2
ist2,2
ix,2
kPa),2
kept,2
key,2
kinetics,2
l1,2
lacking.,2
lagged,2
late-stage,2
layering,2
layers:,2
leading,2
licensed,2
ligand,2
line.,2
line;,2
lineage-specific,2
lines,2
lines.,2
link,2
linkages,2
listed,2
live/dead,2
localize,2
locating,2
location,2
long,2
long-distance,2
luminogenesis,2
lungs,2
lysed,2
m0,2
m2),2
mG,2
magnesium,2
magnet,2
magnets.,2
magnified,2
magnitude.,2
maintenance.,2
make,2
makes,2
manner.,2
manufacturer,2
manufacturer.,2
markers:,2
maturation,2
maximum,2
me3),2
mean,2
mechanochemical,2
mechanosensitive,2
melanocyte,2
membrane,2
metastases,2
metastasis,2
mg/ml,2
microenvironments,2
micrographs,2
microparticle,2
microparticles,2
million,2
min.,2
minimum,2
mirror,2
mixed,2
modulated,2
modulates,2
monolayer,2
monolayers,2
morphogen,2
mounted,2
moves,2
moving,2
n+,2
named,2
near,2
negatively,2
network,2
network32),2
neural,2
neurons,2
next,2
ng,2
niche,2
non-metastatic,2
non-syngeneic,2
nonspecific,2
noted,2
nuclei,2
nucleus3.,2
null,2
nwangrw@illinois.edu).,2
objective.,2
occurs,2
off,2
oilin,2
onto,2
original,2
out.,2
outlined,2
outwards,2
overexpression,2
pBluescriptIIKS(,2
pEGFP-N1,2
pERK1/2,2
pGTIV2,2
paired,2
panel).,2
partial,2
partners,2
party,2
past,2
pathway.,2
pattern,2
peak,2
peptide,2
peptides,2
percentages,2
periphery.,2
phenotype.,2
phenotypes.,2
phosphorylated,2
pipetted,2
pixels),2
plasmids.,2
plastic),2
plating,2
players,2
plot,2
point.,2
point;,2
polarity,2
poly-L-lysine,2
polymerization,2
position-specific,2
positions,2
positive,2
possibly,2
postulate,2
potentially,2
predominantly,2
preimplantation,2
prevent,2
prevented,2
previously.,2
primer,2
primers,2
primers:,2
probably,2
procedure,2
progenitors.,2
progress,2
progression13,2
project;,2
promoter.,2
propagated,2
propagation.,2
property,2
propose,2
proposed,2
pulse,2
purified,2
pyruvate,2
quadrupole,2
quantified).,2
quantitative,2
quick,2
rat,2
reaching,2
red,2
reduce,2
regulating,2
relapses,2
related,2
release,2
removed,2
renewal,2
replicates.,2
representatives,2
represents,2
repression,2
reproduce,2
resemble,2
residue,2
respect,2
respectively),2
responsive,2
restriction,2
restricts,2
right.,2
right:,2
rinsing,2
rosettes,2
row),2
sample,2
scaffolds,2
scale).,2
scanning,2
screen,2
second,2
self-interacting,2
self-renew,2
sensing,2
sensitive,2
sequentially,2
sets,2
sets:,2
shRNAs,2
shaker.,2
shift,2
shown).,2
siRNA.,2
signaling.,2
signature,2
significant.,2
silencer,2
six-well,2
sizes,2
skin,2
slides,2
slightly,2
snRNA,2
sodium,2
softening,2
sorted,2
sought,2
source,2
specified.,2
spheroid,2
spinal,2
splicing,2
split,2
ss,2
stabilize,2
staining.,2
standard,2
statistically,2
statistics,2
status,2
steps,2
stiffen,2
stiffnesses,2
stimuli,2
stop,2
strain-induced,2
strategy,2
stresses,2
stronger,2
strongly,2
structures,2
subcloned,2
subcutaneously,2
subfigure.,2
subfigures,2
substrate.,2
supplementation.,2
supplier's,2
suppressed,2
surface.,2
surfaces,2
suspended,2
synchronized,2
ta4,2
ta6,2
tail,2
tailored,2
take,2
terms,2
tethered,2
therefore,2
thicknesses,2
threshold,2
tightly,2
time.,2
timepoint,2
times.,2
towards,2
tr,2
tractions.,2
transcriptional,2
transformed,2
transient,2
transmitting,2
tre,2
tro,2
truly,2
trypsinization,2
tumours.,2
type,2
ultra-low,2
undergo,2
understood.,2
unit,2
unknown,2
unloaded,2
untreated,2
upon,2
upstream,2
use,2
users,2
uses,2
values.,2
varied,2
variety,2
vertebrate,2
vinculin,2
visceral,2
visit,2
vivo8.,2
vm,2
water,2
wavelength,2
widely,2
x17,2
x2,2
~4°,2
­,2
­/­,2
­LIF.,2
µm,2
!,3
(*,3
(1),3
(1999).,3
(2,3
(24.5Pa,3
(Abcam,3
(Abcam),3
(Cell,3
(Optical,3
(PA),3
(Protein,3
(at,3
(degrees),3
(endoderm,3
(left,3
(likely,3
(middle),3
(min),3
(n=10),3
(n=11),3
(n=41),3
(n=8),3
(top,3
(top),3
***,3
-,3
-SM,3
0.05,3
0.35s,3
0.3Hz,3
0.5,3
0.6kPa,3
0h,3
104,3
106:,3
10µm.,3
11.,3
12.,3
125,3
13).,3
13.,3
139,3
14.,3
16.,3
17.5,3
180,3
1:500,3
1c),3
1d).,3
2),3
20.,3
21,3
21.,3
22.,3
23.,3
24-well,3
24.,3
25.,3
26.,3
260,3
27,3
27.,3
28.,3
29,3
29.,3
3.0,3
30.,3
31.,3
32.,3
33.,3
34.,3
35,3
35.,3
36.,3
37.,3
37°C,3
38.,3
39.,3
3d),3
4),3
40.,3
41.,3
42.,3
45,3
488,3
4°,3
5),3
6a).,3
72,3
84,3
96,3
About,3
AcLDL-Bead,3
Accepted,3
Acknowledgements,3
Additional,3
An,3
Animal,3
B5%,3
BSA,3
Beads,3
Biol,3
Bioph,3
Biotechnology,3
Biotechnology),3
Blue,3
Bmp,3
Both,3
Briefly,3
C57BL/6,3
CA),3
CO2.,3
California,3
Canada),3
Chem.,3
ClaI,3
Collagen,3
College,3
Considering,3
Correspondence,3
Cyclic,3
DMEM,3
Data,3
Dispase,3
Displacement,3
Dr.,3
Drosophila,3
DsRedT3,3
Dual-View,3
Effect,3
Engler,3
Factor,3
Fibrinogen,3
Figure),3
Fluorescence,3
Force,3
Forces,3
FoxA2,3
G9a/SUV39h1,3
Gata6-positive,3
Geuss,3
H3,3
H3K9me2,3
H3K9me3,3
Hubei,3
II-A,3
IgM,3
Invest.,3
J.W.C.,3
JJ,3
Jia1,3
Journal,3
Kim,3
Knocking,3
KpnI,3
LG,3
LIF).,3
LIF.,3
LIF;,3
LR,3
La,3
Laboratory,3
Lamond,3
Lee,3
Li,3
Lin,3
Live/dead,3
M.D.,3
ML7,3
MSDs,3
Matera,3
Material,3
Moreover,3
N.W.),3
NGS),3
Nat,3
New,3
Ning,3
Notch,3
Note,3
Nuclear,3
OPEN,3
Oncogene,3
Other,3
Paramagnetic,3
Phase,3
Physics,3
Po0.001).,3
Poh1,3
Projected,3
Prussian,3
Q.J.,3
RB:,3
RGD-Beads.,3
RGD-immobilized,3
Rapid,3
Received,3
Reprints,3
RhoA,3
S4,3
SART3,3
School,3
Sciences,3
Sigma),3
Signaling,3
SmG,3
Sox17,3
States,3
Sweeney,3
TICs,3
Together,3
U,3
USA).,3
United,3
W,3
W4,3
Western,3
XbaI,3
Xenopus,3
Y,3
Y-C,3
Y.-C.P.,3
Y.C.P.,3
YFP-Coilin,3
Yeh-Chuin,3
Zandstra,3
Zhang1,3
`*',3
a-actin-expressing,3
a2,3
accompanies,3
acquire,3
acrylamide,3
acting,3
activity.,3
additional,3
al,3
among,3
amplified,3
anisotropy,3
anterior­posterior,3
anti-Gata6,3
anti-mouse,3
apply,3
area,3
around,3
article,3
article:,3
associations.,3
away,3
b-catenin,3
behind,3
binds,3
biophysical,3
bisacrylamide,3
black,3
bodies:,3
bovine,3
brain,3
bright,3
bundles,3
cAMP,3
cascades,3
causes,3
cell­matrix,3
channel,3
channels.,3
chordate,3
circularity,3
cite,3
colchicine,3
collagen-1coated,3
colonies.,3
colonies;,3
colony­matrix,3
commitment,3
complete,3
conceived,3
confirm,3
consisting,3
contains,3
contributions,3
conventional,3
coupling,3
creep,3
cytoskeletal-nuclear,3
data.,3
declare,3
defined,3
delivery,3
demethylases,3
density,3
depends,3
derive,3
detect,3
developing,3
device,3
diameter),3
dictate,3
difficult,3
diffusion,3
directed,3
directs,3
disease,3
displaced,3
dissociated,3
distance,3
distant,3
dot,3
drawn,3
driven,3
earlier,3
ectodermal,3
elevates,3
elusive.,3
embryos.,3
endogenous,3
endothelial,3
ends,3
enhance,3
enhances,3
enhancing,3
enzymes,3
establishment,3
exclusively,3
experiments;,3
explanation,3
fetal,3
filamentous,3
fixed,3
force-transmitting,3
forceinduced,3
forces.,3
formaldehyde,3
formation.,3
functional,3
future.,3
gastrulating,3
gradually,3
heterogeneity,3
homogeneous,3
http://npg.nature.com/,3
http://www.nature.com/,3
ibri,3
ili,3
imaging.,3
immobilized,3
immunoprecipitation,3
implantation,3
implications,3
incorporated,3
indicative,3
initiate,3
injected,3
integrins.,3
interacting,3
interaction.,3
interacts,3
interests.,3
interests:,3
involved,3
kit,3
knocked,3
knocking,3
knockout,3
knockouts,3
knowledge,3
l,3
lacking,3
larger,3
later,3
lead,3
lineages,3
live,3
liver,3
loaded,3
loading.,3
maintains,3
maintenance,3
mammary,3
manipulation,3
many,3
map,3
material.,3
materials,3
methylation.,3
microlitres,3
microscope.,3
microtubule,3
migration,3
model.,3
models.,3
molecule,3
monitored,3
monoclonal,3
mostly,3
muscular,3
must,3
mutant,3
naturecommunications,3
needs,3
networks,3
new,3
no.,3
notion,3
novel,3
nucleoplasm,3
o,3
observation,3
ones,3
online,3
op,3
opening,3
orbital,3
outside,3
p,3
pBS_IVpA,3
pMCSIRPPB,3
pair,3
passaged,3
pathways.,3
permanent,3
permeabilized,3
phosphorylation,3
physiologically,3
pixels,3
plasma,3
plating.,3
points,3
polyadenylation,3
positioned,3
pre-mRNA,3
presented,3
primitive,3
prior,3
processes,3
progression,3
promoting,3
protein.,3
protocols.,3
providing,3
quantification,3
range,3
reach,3
reagent,3
receptor),3
reduced,3
regardless,3
regimens,3
regulators,3
regulatory,3
relatively,3
released,3
relevant,3
reminiscent,3
replaced,3
representative,3
represented,3
reprintsandpermissions/,3
requests,3
resistance,3
resolution,3
responsible,3
results.,3
revealed,3
rigidity.,3
ring,3
rinses,3
rotation,3
selected,3
serum-free,3
short,3
siRNA;,3
siRNAs,3
slow,3
so,3
softness.,3
software,3
solid,3
specification.,3
speculated,3
static,3
statistical,3
strain.,3
streak,3
structure,3
structure.,3
study.,3
subsequent,3
sufficient,3
supporting,3
suppresses,3
suppression,3
surrounding,3
survival,3
sustain,3
syngeneic,3
system.,3
t-test.,3
targets,3
technique,3
ten,3
tensed,3
tensile,3
tension-dependent,3
terminal,3
tested,3
third,3
transfection,3
transformation,3
transmit,3
trypsinized,3
tube,3
tumor-initiating,3
tumour-repopulating,3
unclear,3
underneath,3
up,3
us,3
useful,3
values,3
verified,3
viscous,3
wells,3
whole,3
work.,3
wrote,3
y,3
yield,3
zebrafish,3
°C.,3
°C/5%CO2,3
(0,4
(0.2,4
(1993).,4
(1995).,4
(2002).,4
(2008),4
(B),4
(C),4
(FRET),4
(Figs,4
(Figs.,4
(Rabbit,4
(TIF),4
(bottom,4
(creep,4
(email:,4
(left),4
(middle,4
(n=13),4
(n=9),4
(the,4
*Po0.05;,4
-Co,4
-W,4
0.1%,4
0.50,4
0.75,4
1.8,4
10.,4
126,4
13,4
15.,4
17).,4
17.,4
19.,4
1h),4
28,4
2b,4
3).,4
3-stimulated,4
3.5,4
4.5,4
40kDa,4
42,4
50%,4
70,4
7c,4
8),4
8.,4
80,4
9.,4
;,4
AR,4
America,4
Austin,4
Author,4
B50%,4
BMP4.,4
Before,4
Biotechnol.,4
By,4
CA).,4
Chen1,4
China.,4
Circulation,4
Clin.,4
Colonies,4
Competing,4
Dame,4
Development,4
Diego,4
Discussion,4
Douglas,4
DsRed-positive,4
E-c,4
ECM,4
ESCs.,4
Embryoid,4
Expression,4
Fg,4
Furthermore,4
Ga,4
Gata4,4
Generation,4
Genes,4
Genet.,4
Growth,4
H,4
Ha,4
Hand1,4
How,4
Hz,4
I,4
Indiana,4
Inhibition,4
L,4
Latrunculin,4
MA),4
MSD,4
MTC,4
Medicine,4
Molecular,4
Myosin,4
N42,4
NIH,4
NheI,4
Notre,4
Oct3/4,4
Po0.001,4
RGD,4
RGD-coated,4
RT­PCR.,4
Real-time,4
References,4
Regulation,4
Remarkably,4
Results,4
SA,4
San,4
Santa,4
Scientific),4
Scrambled,4
Since,4
Single,4
SmE,4
Statistical,4
TR,4
Technologies,4
Texas,4
Thus,4
Tissue,4
Triton,4
TrypLE,4
Urbana­Champaign,4
WR,4
Wn,4
Wnt3a,4
[13,4
a5,4
activates,4
activating,4
ad,4
addressed,4
allow,4
allowed,4
almost,4
altering,4
anti-E-cadherin,4
apical,4
appeared,4
applied.,4
asked,4
association,4
associations,4
attachment,4
attraction.,4
av,4
back,4
bars,4
based,4
basis,4
because,4
bind,4
biochemical,4
biological,4
body.,4
bound,4
brief,4
cDNA,4
cannot,4
cardiovascular,4
cassette,4
caused,4
clear,4
coilin-SMN,4
competing,4
complexes.,4
condition.,4
connections,4
constant,4
construct,4
continuous,4
core,4
counted,4
cultures,4
customized,4
dead,4
decrease,4
demonstrates,4
di-,4
dictates,4
diluted,4
dissociate,4
dissolved,4
distances,4
divided,4
drive,4
drop,4
duration,4
e,4
elastic,4
elasticity,4
embedded,4
embryo.,4
end,4
engage,4
enrichment,4
epigenetic,4
evident,4
f5,4
fact,4
far,4
fast,4
ferromagnetic,4
fibronectin,4
frequency,4
gastrulation,4
gel.,4
generalized,4
grant,4
greater,4
group.,4
groups,4
groups.,4
grow,4
growth.,4
hanging,4
if,4
images.,4
included,4
including,4
increasing,4
inhibited,4
inhibiting,4
integrin-mediated,4
interact,4
intermediate,4
label,4
labelled,4
leads,4
left,4
ligated,4
long-term,4
lysine,4
m,4
mCherry-Lamin,4
magnetization.,4
maintain,4
maintaining,4
malignant,4
mass,4
mechanotransduction.,4
medium.,4
mesenchymal,4
methods,4
microenvironment,4
microscope,4
microscopy.,4
min),4
morphogenesis,4
morphogenesis.,4
morphogenetic,4
move,4
movement,4
movements,4
namely,4
need,4
neuron,4
nucleoplasmic,4
nucleoskeleton,4
oil,4
opposite,4
overnight,4
p1,4
paper,4
particle,4
pathways,4
period,4
phenotype,4
physiological,4
placed,4
plastic.,4
polarized,4
position,4
prepared,4
probe,4
process,4
profound,4
program,4
progression.,4
proliferate,4
proteins.,4
protocol,4
protocols,4
provided,4
putative,4
real,4
recently,4
regulated,4
relative,4
remains,4
remodelling,4
remove,4
reported,4
respond,4
result,4
reverse,4
rise,4
round,4
selection,4
self-organized,4
self-renewal.,4
selfrenewal,4
should,4
siRNA),4
softness,4
spatial,4
stage,4
started,4
stimulation.,4
subpopulation,4
subsequently,4
suggested,4
t-test,4
t3,4
temperature,4
term,4
thrombin,4
too,4
transcription,4
unfolding,4
used.,4
various,4
verify,4
viability.,4
view,4
viscoelastic,4
vitro.,4
vivo.,4
volume,4
why,4
x1,4
x6,4
zero,4
#2,5
(2001).,5
(2006),5
(2009),5
(A),5
(Santa,5
(Thermo,5
(b).,5
(for,5
(g),5
(h),5
(×103,5
-S,5
0.00,5
0.3,5
10).,5
103,5
120,5
14,5
17,5
18.,5
1:1,5
2).,5
22,5
350,5
7.,5
8kPa,5
=,5
Am.,5
Bead,5
Biochem,5
Biomaterials,5
Biomedical,5
Biophys.,5
CBs.,5
Circularity,5
Commun.,5
Curr.,5
DE,5
Days,5
Differentiation,5
Distance,5
DsRed-negative,5
Dynamic,5
E,5
EGFP,5
Embryonic,5
F.C.,5
FACS,5
Fgf5,5
Figure).,5
Fold,5
Glass,5
II,5
Intensity,5
K,5
Leica,5
Lipofectamine,5
Mater.,5
Matlab,5
Methods,5
Mouse,5
National,5
O.,5
Pax6,5
RA,5
Res.,5
Sox1-positive,5
Stiff,5
Substrate,5
Table,5
Technologies),5
Twist2,5
V,5
V.,5
Venus,5
Wang1,5
Wuhan,5
X,5
Y.T.,5
a1b1,5
above,5
activate,5
amount,5
analyzed,5
approach,5
averaged,5
binding,5
calcium,5
capability.,5
cardiomyocytes.,5
cells;,5
center,5
chemical,5
colonization,5
colony.,5
correct,5
crucial,5
cycle,5
cytoplasm,5
cytoskeleton.,5
degradation,5
depend,5
dependent,5
designed,5
detected,5
down,5
drug,5
excitation,5
exogenous,5
explore,5
factor,5
factors.,5
fields,5
filter,5
followed,5
force.,5
gastrulation.,5
generation,5
glass,5
goat,5
grew,5
growing,5
impact,5
incorporation,5
index,5
indicating,5
initiation,5
integrity,5
interesting,5
interior,5
invasion,5
inverted,5
investigate,5
ion,5
large,5
layer.,5
linked,5
linker,5
little,5
m3),5
made,5
manuscript.,5
mechanics,5
mice.,5
modifications,5
modified,5
molecular,5
multiple,5
murine,5
n440,5
nodal,5
otherwise,5
partially,5
permission,5
phase-lag,5
plays,5
plectin,5
pooled,5
porosity,5
regimen,5
reporter,5
represent,5
resonance,5
resuspended,5
sections,5
see,5
self-organization,5
separate,5
sequences,5
showed,5
siRNA:,5
signal,5
similarly,5
sites,5
softer,5
sorting,5
specifically,5
spheroids,5
spliceosomal,5
stages,5
stiffer,5
supplementation,5
system,5
taken,5
times,5
timing,5
total,5
tractions,5
transduction,5
transmitted,5
trimethylation,5
two-tailed,5
understanding,5
unless,5
wild-type,5
working,5
Â,5
(,6
(2014).,6
(Stem,6
(f),6
(kPa),6
(to,6
0.1,6
0.128,6
0.25,6
0.9,6
1).,6
1-kPa,6
61801,6
90-Pa',6
A.T.,6
AcLDL-Beads,6
Biology,6
Butler,6
Chowdhury,6
Discher,6
Dr,6
EcoRI,6
Figure.,6
Here,6
Huazhong,6
Information,6
Life,6
Liu,6
Medical,6
Medium,6
NotI,6
On,6
One,6
Otx2,6
PCR,6
Poh,6
Published,6
Quantification,6
RNA,6
Res,6
Research,6
S2,6
So,6
Soft,6
T3,6
Tanaka,6
Urbana,6
Wnt3,6
`1,6
`90-Pa,6
according,6
affects,6
aggregation,6
antagonist,6
application.,6
assay.,6
axis,6
blocking,6
blots,6
bodies.,6
bone,6
breast,6
carried,6
centre,6
chain,6
changed,6
coilin-SmE,6
collected,6
comparison,6
completely,6
confirmed,6
confocal,6
course,6
cytometry,6
decreases,6
deformation,6
demethylase,6
digestion,6
dimensionality,6
distributed,6
distribution,6
does,6
elevated,6
energy,6
established,6
even,6
examined,6
exert,6
explain,6
exposed,6
factors,6
finding,6
future,6
general,6
generated,6
generating,6
grown,6
h.,6
heterogeneous,6
ilin,6
immunostaining,6
indicates,6
induces,6
loss,6
magnetized,6
mammalian,6
material,6
matrix.,6
measure,6
methyltransferase,6
microscopy,6
morphology,6
motor,6
muscle,6
onset,6
over,6
physical,6
plasmid,6
polyacrylamide,6
proliferation,6
protein­protein,6
protocol.,6
purchased,6
qRT­PCR,6
quantify,6
rabbit,6
real-time,6
region,6
regulate,6
remain,6
respectively,6
rinsed,6
several,6
shows,6
smooth,6
snRNP,6
snRNPs,6
spread,6
spreading,6
stimulated,6
stress-induced,6
stress.,6
substrates.,6
support,6
them,6
throughout,6
tumor,6
undifferentiated,6
very,6
work,6
(2005).,7
(all,7
),7
1.1,7
1.3,7
10%,7
2.,7
2.5,7
2000,7
25,7
43,7
5.,7
6.,7
600,7
ActivinA,7
Although,7
B,7
Bmp4,7
CFP/YFP,7
Chen,7
Co,7
Commons,7
Creative,7
Cruz,7
D,7
DsRed,7
Each,7
Fibrin,7
Following,7
Mechanotransduction,7
Negative,7
Nopp140,7
Oct4,7
RT­PCR,7
S3,7
SMN.,7
SmE-SmG,7
Student's,7
USA,7
WRAP53,7
WRAP53-WRAP53,7
acid,7
affect,7
along,7
areas,7
assay,7
attached,7
available,7
b3,7
beta,7
blotting,7
cancer.,7
cells),7
coilin-SART3,7
coilin-WRAP53,7
conditions.,7
control.,7
controlling,7
corresponding,7
demonstrate,7
development.,7
dishes,7
dynamics,7
element,7
epithelial,7
examine,7
experimental,7
external,7
fate,7
filaments,7
financial,7
focal,7
greatly,7
however,7
impacts,7
indicate,7
induce,7
inhibit,7
inhibitor,7
investigated,7
knockdown,7
lag,7
likely,7
line,7
lineage,7
load,7
lung,7
mRNA,7
magnetically,7
manufacturer's,7
mechanism,7
methyltransferases,7
microtubules,7
mixture,7
mm,7
necessary,7
pathway,7
periphery,7
point,7
previous,7
progenitor,7
promotes,7
ratios,7
re-plated,7
regulation,7
required,7
secondary,7
seeded,7
self-renewing,7
separation,7
set,7
shape,7
showing,7
simultaneously,7
some,7
still,7
strong,7
supported,7
switching,7
temperature.,7
thank,7
tissues,7
traction,7
tumorigenic,7
underlying,7
unique,7
value,7
versus,7
what,7
ys,7
(2000).,8
(2006).,8
(2007).,8
(2013),8
(Invitrogen).,8
(YPet/CFP),8
(e),8
1),8
1.6,8
16,8
2.0,8
3.,8
4.,8
48,8
5%,8
53,8
Acad.,8
Be,8
CB.,8
Center,8
EBs.,8
H3K9-me,8
Importantly,8
Institute,8
LINC,8
Magnetic,8
Proc.,8
SMN-SART3,8
Taken,8
When,8
While,8
able,8
approximately,8
associated,8
authors,8
avb3,8
blocked,8
bottom,8
buffer,8
cell­cell,8
coilin-Nopp140,8
coilin-coilin,8
collagen-1-coated,8
column),8
concentration,8
culture.,8
differentiate,8
differentiation.,8
dish,8
disrupted,8
dynamic,8
effective,8
except,8
final,8
gelatin-coated,8
genes,8
information,8
kinase,8
lamina,8
layers.,8
less,8
license,8
light,8
mESC,8
normalized,8
organization.,8
oscillatory,8
pN,8
paramagnetic,8
patterns,8
plate,8
population,8
potential,8
propagation,8
published,8
regulates,8
scrambled,8
serum,8
shear,8
spherical,8
spontaneous,8
stained,8
stiffness.,8
strength,8
strengths,8
studies,8
ta,8
vascular,8
(2004).,9
(2011),9
*Po0.05.,9
1.5,9
18,9
300,9
AP,9
G,9
GAPDH,9
Mechanical,9
Mitf,9
Mol.,9
Natl,9
SMN-SMN,9
SMN-SmG,9
SMN-WRAP53,9
actin,9
analysed,9
application,9
appropriate,9
calculated,9
cardiomyocyte,9
cardiomyogenesis,9
cell.,9
collagen,9
components,9
condition,9
could,9
cytoskeleton,9
da,9
development,9
either,9
evidence,9
exhibited,9
extracellular,9
hours,9
image,9
immunofluorescence,9
influence,9
inhibits,9
intact,9
lags,9
loading,9
mESCs,9
magnitude,9
magnitudes,9
major,9
mechanisms,9
mechanotransduction,9
mediates,9
much,9
myosin,9
neodymium,9
normal,9
nucleus.,9
per,9
percentage,9
provide,9
rate,9
resulted,9
retinoic,9
reveals,9
samples,9
sequence,9
soluble,9
supplemented,9
suspension,9
top,9
transfer,9
transmission,9
treatment,9
viability,9
will,9
(1,10
(a,10
0.15,10
1.,10
1.4,10
19,10
Aggrewell,10
F,10
F-actin,10
HeLa,10
Ingber,10
Matrix,10
Mesoderm,10
PLoS,10
Relative,10
Stem,10
Stress,10
Technology,10
Therefore,10
across,10
alter,10
analysis.,10
baseline,10
being,10
c,10
capability,10
cardiomyocytes,10
chromatin,10
cytoskeletal,10
d,10
determine,10
differential,10
direction,10
distinct,10
due,10
efficiency,10
embryo,10
generate,10
highly,10
inside,10
low,10
maintained,10
molecules,10
negative,10
obtain,10
pairs,10
play,10
possible,10
properties,10
recent,10
reports,10
signalling,10
signals,10
solution,10
specific,10
t,10
thus,10
together,10
©,10
°C,10
#,11
#1,11
(P,11
(a.u.),11
+LIF,11
37,11
3:866,11
420,11
500,11
A/C,11
At,11
Coilin,11
Ctr,11
DNA,11
Ectoderm,11
I.,11
Nature,11
Physiol.,11
R,11
Rev.,11
Silencing,11
Sm,11
T,11
YFP-coilin,11
alone,11
bright-field,11
coated,11
conditions,11
controls,11
current,11
demonstrated,11
digested,11
do,11
exhibit,11
exposure,11
formed,11
found,11
higher,11
indicated,11
individual,11
inhibition,11
least,11
lin,11
lower,11
marker,11
me2,11
me3,11
measured,11
mice,11
most,11
proper,11
report,11
responses,11
roles,11
room,11
small,11
step,11
structural,11
tumours,11
vector,11
vivo,11
while,11
would,11
(2013).,12
0.0,12
11,12
Brachyury-positive,12
E-cadherin,12
Interestingly,12
Mean±s.e.m.,12
N.W.,12
Neg,12
P,12
PBS,12
TRCs.,12
activity,12
bar,12
days.,12
developed,12
envelope,12
every,12
expressed,12
function,12
hour,12
how,12
imaging,12
induced,12
magnets,12
matrices,12
method,12
oi,12
organized,12
plasticity,12
plates,12
positioning,12
previously,12
primary,12
promote,12
promoter,12
respectively.,12
site,12
tissue,12
western,12
(Invitrogen,13
+,13
2012,13
5:4000,13
5:4619,13
Bright-field,13
CFP,13
Cancer,13
Dev.,13
Endoderm,13
Engineering,13
No,13
Representative,13
Wang,13
YFP,13
a-actin,13
activation,13
added,13
analysis,13
antibodies,13
bodies,13
cellular,13
early,13
few,13
fibrinogen,13
functions,13
gels.,13
inner,13
interaction,13
isolated,13
its,13
metastatic,13
pluripotency,13
resulting,13
suggests,13
where,13
(day),14
1%,14
15,14
250,14
400,14
CFP-SMN,14
Illinois,14
Lamin,14
M,14
N.,14
SMN-coilin,14
W.,14
Wnt,14
Y.,14
absence,14
any,14
attraction,14
cyclic,14
embryos,14
express,14
form,14
level,14
living,14
magnetization,14
markers,14
mesodermal,14
minutes,14
mm.,14
one,14
size,14
staining,14
twisting,14
types,14
(d),15
1.0,15
150,15
40,15
60,15
Colony,15
Department,15
F.,15
H.,15
OGTR1,15
RGD-Beads,15
S,15
USA.,15
described,15
displacements,15
first,15
histone,15
intensity,15
known,15
mediated,15
phase,15
pluripotent,15
present,15
rigidity,15
(2008).,16
**,16
24,16
Alp,16
J,16
Sci.,16
and/or,16
complex,16
decreased,16
demethylation,16
essential,16
ha,16
model,16
obtained,16
performed,16
sarcomeric,16
shown,16
signaling,16
(2011).,17
(c),17
(ref.,17
1.2,17
B.,17
B16-F1,17
antibody,17
b1,17
complexes,17
consistent,17
contractile,17
critical,17
difference,17
directly,17
expression.,17
fluorescent,17
mg,17
they,17
(b),18
0.8,18
As,18
CBs,18
ESC,18
For,18
G.,18
Mean±s.e.m.;,18
PKA,18
SM,18
Scale,18
show,18
whether,18
­1,18
(2009).,19
0.90,19
1.30,19
9,19
After,19
BMP4,19
Our,19
R.,19
adhesion,19
b,19
communications,19
displacement,19
experiments,19
had,19
human,19
integrins,19
interactions,19
mM,19
might,19
nature,19
quantified,19
tumour,19
vitro,19
(2010).,20
1.20,20
200,20
DOI:10.1371/journal.pone.0113982,20
Gata6,20
PLOS,20
addition,20
collagen-1,20
contrast,20
effect,20
effects,20
emission,20
increases,20
more,20
shRNA,20
similar,20
strain,20
treated,20
whereas,20
/,21
10.1038/ncomms1873,21
90,21
Cardiomyogenesis,21
Culture,21
December,21
Mediated,21
Strain,21
did,21
experiments.,21
incubated,21
n,21
plated,21
well,21
­2,21
(Invitrogen),22
0.4,22
0.95,22
1.00,22
1.10,22
1.25,22
30,22
Cells,22
It,22
L.,22
Magnetically,22
PA,22
T.,22
Tesla,22
containing,22
differences,22
direct,22
other,22
out,22
outer,22
silencing,22
transferred,22
under,22
Cdc42,23
However,23
K.,23
Sox1,23
both,23
change,23
dissociation,23
following,23
force-induced,23
further,23
high,23
important,23
middle,23
nucleus,23
only,23
presence,23
stiffening,23
(a),24
1.05,24
Time,24
University,24
differentiated,24
endoderm,24
substrates,24
transfected,24
þ,24
(s),25
1.15,25
10.1038/ncomms5000,25
10.1038/ncomms5619,25
KDM7,25
bead,25
before,25
findings,25
study,25
such,25
those,25
two,25
(2012).,26
0.2,26
Figure,26
ONE,26
been,26
body,26
formation,26
increase,26
stiff,26
tension,26
through,26
0.6,27
100,27
Cajal,27
Supplementary,27
it,27
local,27
significant,27
À,27
90-Pa,28
ESCs,28
all,28
fluorescence,28
gene,28
increased,28
response,28
same,28
without,28
12,29
We,29
compared,29
min,29
no,29
number,29
significantly,29
stimulation,29
This,30
medium,30
self-renewal,30
Brachyury,31
E.,31
EB,31
SUV39h1,31
changes,31
growth,31
role,31
C.,32
Control,32
N,32
embryoid,32
independent,32
organization,32
rigid,32
there,32
three,32
ES,33
Normalized,33
P.,33
during,33
gel,33
ml,33
6,34
Limited.,34
Macmillan,34
Publishers,34
To,34
ectoderm,34
mesoderm,34
reserved.,34
rights,34
their,34
www.nature.com/naturecommunications,34
­LIF,34
¼,34
ARTICLE,35
Science,35
plastic,35
proteins,35
C,36
G9a,36
cancer,36
levels,36
single,36
substrate,36
suggest,36
Biol.,37
Nat.,37
also,37
field,37
h,37
has,37
than,37
2D,38
8,38
CB,38
These,38
within,38
20,39
7,39
LIF,39
beads,39
doi:,39
kPa,39
when,39
D.,40
S.,40
TRC,40
images,41
may,41
surface,41
our,42
results,42
via,42
All,43
melanoma,43
suggesting,43
layers,44
ratio,44
then,44
day,45
which,45
10,46
COMMUNICATIONS,46
NATURE,46
cultured,46
A.,47
have,47
applied,48
culture,48
forces,48
integrin,48
different,49
used,49
embryonic,50
this,50
each,51
siRNA,51
these,51
50,52
but,52
colonies,52
observed,52
2014,53
time,53
(Supplementary,54
soft,54
stress,54
coilin,57
mouse,58
stiffness,58
days,59
data,60
SMN,61
an,61
Day,62
differentiation,63
M.,64
can,65
nuclear,65
cells.,66
between,67
DOI:,68
after,68
into,68
mechanical,68
A,72
magnetic,72
methylation,73
3D,74
gels,74
In,75
Pa,75
matrix,75
protein,75
FRET,77
using,77
stem,78
control,79
EBs,80
4,81
we,83
0,84
colony,85
Fig.,87
germ,91
force,92
be,94
J.,95
layer,95
*,100
not,102
Cell,103
fibrin,106
TRCs,108
al.,110
et,113
Sox2,115
&,116
3,116
as,116
expression,118
2,119
(Fig.,129
H3K9,129
are,130
5,137
The,156
or,170
from,177
|,185
cell,188
at,198
1,200
by,210
is,233
on,246
was,260
for,275
with,306
were,322
that,330
cells,347
a,396
to,581
in,794
and,990
of,1104
the,1300
